TimeUTC,timestampInMs,requestPath,requestMethod,requestQueryString,responseStatusCode,requestId,requestUserAgent,level,environment,branch,vercelCache,type,function,host,deploymentDomain,deploymentId,durationMs,region,maxMemoryUsed,memorySize,message,projectId,traceId,sessionId,invocationId,instanceId,concurrency
2025-12-05 13:49:17,1764942557314,prototype-ten-dun.vercel.app/products/35,GET,_rsc=1h2jv&nxtPid=35,200,6qcj9-1764942557314-df3bf3a7ec01,"Mozilla/5.0 (Windows NT 10.0; Win64; x64) AppleWebKit/537.36 (KHTML, like Gecko) Chrome/142.0.0.0 Safari/537.36 Edg/142.0.0.0",,production,main,MISS,serverless,/products/[id].rsc,prototype-ten-dun.vercel.app,prototype-hdwus6t8g-choymingollagmailcoms-projects.vercel.app,dpl_BxEEpNUR3JtCC6YXiLUMGiTtVLoW,86,iad1,159,2048,,prj_FRjvNUrtyaiyRRYLyajvv7H5yA0p,,,01KBQCCC7BECX6T2MP7A1Y5EAX,HB4ft11Tft4B,1
2025-12-05 13:49:17,1764942557314,prototype-ten-dun.vercel.app/products/35,GET,_rsc=1h2jv&nxtPid=35,200,6qcj9-1764942557314-df3bf3a7ec01,"Mozilla/5.0 (Windows NT 10.0; Win64; x64) AppleWebKit/537.36 (KHTML, like Gecko) Chrome/142.0.0.0 Safari/537.36 Edg/142.0.0.0",,production,main,MISS,middleware,middleware,prototype-ten-dun.vercel.app,prototype-hdwus6t8g-choymingollagmailcoms-projects.vercel.app,dpl_BxEEpNUR3JtCC6YXiLUMGiTtVLoW,16,gru1,131,2048,,prj_FRjvNUrtyaiyRRYLyajvv7H5yA0p,,,01KBQCCC4AEBE22XM9636ASAA1,WX9ebDivG1OJ,1
2025-12-05 13:49:15,1764942555395,prototype-ten-dun.vercel.app/products/35,GET,_rsc=3lb4g,200,tgndb-1764942555355-0bceac094e3b,"Mozilla/5.0 (Windows NT 10.0; Win64; x64) AppleWebKit/537.36 (KHTML, like Gecko) Chrome/142.0.0.0 Safari/537.36 Edg/142.0.0.0",info,production,main,MISS,middleware,/products/[id],prototype-ten-dun.vercel.app,prototype-ten-dun.vercel.app,dpl_BxEEpNUR3JtCC6YXiLUMGiTtVLoW,,,,, Inicializando cliente de base de datos en producci贸n...,prj_FRjvNUrtyaiyRRYLyajvv7H5yA0p,,,,,
2025-12-05 13:49:15,1764942555355,prototype-ten-dun.vercel.app/products/35,GET,_rsc=3lb4g,200,tgndb-1764942555355-0bceac094e3b,"Mozilla/5.0 (Windows NT 10.0; Win64; x64) AppleWebKit/537.36 (KHTML, like Gecko) Chrome/142.0.0.0 Safari/537.36 Edg/142.0.0.0",,production,main,MISS,serverless,/products/[id].rsc,prototype-ten-dun.vercel.app,prototype-ten-dun.vercel.app,dpl_BxEEpNUR3JtCC6YXiLUMGiTtVLoW,49,iad1,151,2048,,prj_FRjvNUrtyaiyRRYLyajvv7H5yA0p,,,01KBQCCAD3RNJ32B7SPHX3QT33,HB4ft11Tft4B,1
2025-12-05 13:49:15,1764942555355,prototype-ten-dun.vercel.app/products/35,GET,_rsc=3lb4g,200,tgndb-1764942555355-0bceac094e3b,"Mozilla/5.0 (Windows NT 10.0; Win64; x64) AppleWebKit/537.36 (KHTML, like Gecko) Chrome/142.0.0.0 Safari/537.36 Edg/142.0.0.0",,production,main,MISS,middleware,middleware,prototype-ten-dun.vercel.app,prototype-ten-dun.vercel.app,dpl_BxEEpNUR3JtCC6YXiLUMGiTtVLoW,772,gru1,130,2048,,prj_FRjvNUrtyaiyRRYLyajvv7H5yA0p,,,01KBQCCA75V9XZMYMWWPMFQ456,WX9ebDivG1OJ,1
2025-12-05 13:49:15,1764942555355,prototype-ten-dun.vercel.app/products/34,GET,_rsc=3lb4g&nxtPid=34,200,9m7wd-1764942555355-0bdce91b4fa3,"Mozilla/5.0 (Windows NT 10.0; Win64; x64) AppleWebKit/537.36 (KHTML, like Gecko) Chrome/142.0.0.0 Safari/537.36 Edg/142.0.0.0",,production,main,MISS,serverless,/products/[id].rsc,prototype-ten-dun.vercel.app,prototype-hdwus6t8g-choymingollagmailcoms-projects.vercel.app,dpl_BxEEpNUR3JtCC6YXiLUMGiTtVLoW,11,iad1,163,2048,,prj_FRjvNUrtyaiyRRYLyajvv7H5yA0p,,,01KBQCCA9QZASHDGDP5PGZN9F4,wQTtG5ztAuzx,1
2025-12-05 13:49:15,1764942555355,prototype-ten-dun.vercel.app/products/34,GET,_rsc=3lb4g&nxtPid=34,200,9m7wd-1764942555355-0bdce91b4fa3,"Mozilla/5.0 (Windows NT 10.0; Win64; x64) AppleWebKit/537.36 (KHTML, like Gecko) Chrome/142.0.0.0 Safari/537.36 Edg/142.0.0.0",,production,main,MISS,middleware,middleware,prototype-ten-dun.vercel.app,prototype-hdwus6t8g-choymingollagmailcoms-projects.vercel.app,dpl_BxEEpNUR3JtCC6YXiLUMGiTtVLoW,17,gru1,133,2048,,prj_FRjvNUrtyaiyRRYLyajvv7H5yA0p,,,01KBQCCA6YE85BFGXJQVXNGGD2,MDsdFxcu9GmH,1
2025-12-05 13:49:15,1764942555350,prototype-ten-dun.vercel.app/,POST,,200,lh96q-1764942555350-ad4c8d1b2e51,"Mozilla/5.0 (Windows NT 10.0; Win64; x64) AppleWebKit/537.36 (KHTML, like Gecko) Chrome/142.0.0.0 Safari/537.36 Edg/142.0.0.0",,production,main,MISS,serverless,/,prototype-ten-dun.vercel.app,prototype-hdwus6t8g-choymingollagmailcoms-projects.vercel.app,dpl_BxEEpNUR3JtCC6YXiLUMGiTtVLoW,33,iad1,148,2048,,prj_FRjvNUrtyaiyRRYLyajvv7H5yA0p,,,01KBQCCA9M2A41733ACZTV60P4,HB4ft11Tft4B,1
2025-12-05 13:49:15,1764942555350,prototype-ten-dun.vercel.app/,POST,,200,lh96q-1764942555350-ad4c8d1b2e51,"Mozilla/5.0 (Windows NT 10.0; Win64; x64) AppleWebKit/537.36 (KHTML, like Gecko) Chrome/142.0.0.0 Safari/537.36 Edg/142.0.0.0",,production,main,MISS,middleware,middleware,prototype-ten-dun.vercel.app,prototype-hdwus6t8g-choymingollagmailcoms-projects.vercel.app,dpl_BxEEpNUR3JtCC6YXiLUMGiTtVLoW,11,gru1,139,2048,,prj_FRjvNUrtyaiyRRYLyajvv7H5yA0p,,,01KBQCCA6YE85BFGXJQRRVX0Z0,fSNrRW15jvsE,1
2025-12-05 13:49:15,1764942555058,prototype-ten-dun.vercel.app/,GET,_rsc=114vl,200,6qcj9-1764942554910-d07e94e2e7cf,"Mozilla/5.0 (Windows NT 10.0; Win64; x64) AppleWebKit/537.36 (KHTML, like Gecko) Chrome/142.0.0.0 Safari/537.36 Edg/142.0.0.0",info,production,main,MISS,serverless,/index,prototype-ten-dun.vercel.app,prototype-ten-dun.vercel.app,dpl_BxEEpNUR3JtCC6YXiLUMGiTtVLoW,,,,, Inicializando cliente de base de datos en producci贸n...,prj_FRjvNUrtyaiyRRYLyajvv7H5yA0p,,,,,
2025-12-05 13:49:14,1764942554910,prototype-ten-dun.vercel.app/,GET,_rsc=114vl,200,6qcj9-1764942554910-d07e94e2e7cf,"Mozilla/5.0 (Windows NT 10.0; Win64; x64) AppleWebKit/537.36 (KHTML, like Gecko) Chrome/142.0.0.0 Safari/537.36 Edg/142.0.0.0",,production,main,MISS,middleware,middleware,prototype-ten-dun.vercel.app,prototype-ten-dun.vercel.app,dpl_BxEEpNUR3JtCC6YXiLUMGiTtVLoW,20,gru1,133,2048,,prj_FRjvNUrtyaiyRRYLyajvv7H5yA0p,,,01KBQCC9S46DHHVQ2PZ9JZ6M7S,MDsdFxcu9GmH,1
2025-12-05 13:49:14,1764942554910,prototype-ten-dun.vercel.app/,GET,_rsc=114vl,200,6qcj9-1764942554910-d07e94e2e7cf,"Mozilla/5.0 (Windows NT 10.0; Win64; x64) AppleWebKit/537.36 (KHTML, like Gecko) Chrome/142.0.0.0 Safari/537.36 Edg/142.0.0.0",,production,main,MISS,serverless,/index.rsc,prototype-ten-dun.vercel.app,prototype-ten-dun.vercel.app,dpl_BxEEpNUR3JtCC6YXiLUMGiTtVLoW,186,iad1,143,2048,,prj_FRjvNUrtyaiyRRYLyajvv7H5yA0p,,,01KBQCC9VZFYHYTRMWW7CKQFFM,HB4ft11Tft4B,1
2025-12-05 13:49:14,1764942554822,prototype-ten-dun.vercel.app/payment-success,HEAD,collection_id=136580939720&collection_status=approved&payment_id=136580939720&status=approved&external_reference=277&payment_type=credit_card&merchant_order_id=36120374133&preference_id=2926966384-b5e0cbfe-e784-453c-b39a-9f357a77cc1e&site_id=MLA&processing_mode=aggregator&merchant_account_id=null,204,9m7wd-1764942554822-856bdaf817a0,"Mozilla/5.0 (Windows NT 10.0; Win64; x64) AppleWebKit/537.36 (KHTML, like Gecko) Chrome/142.0.0.0 Safari/537.36 Edg/142.0.0.0",,production,main,,middleware,middleware,prototype-ten-dun.vercel.app,prototype-hdwus6t8g-choymingollagmailcoms-projects.vercel.app,dpl_BxEEpNUR3JtCC6YXiLUMGiTtVLoW,15,gru1,133,2048,,prj_FRjvNUrtyaiyRRYLyajvv7H5yA0p,,,01KBQCC9P9Q91JB35QY3R7ATC9,MDsdFxcu9GmH,1
2025-12-05 13:49:14,1764942554822,prototype-ten-dun.vercel.app/payment-success,HEAD,collection_id=136580939720&collection_status=approved&payment_id=136580939720&status=approved&external_reference=277&payment_type=credit_card&merchant_order_id=36120374133&preference_id=2926966384-b5e0cbfe-e784-453c-b39a-9f357a77cc1e&site_id=MLA&processing_mode=aggregator&merchant_account_id=null,204,9m7wd-1764942554822-856bdaf817a0,"Mozilla/5.0 (Windows NT 10.0; Win64; x64) AppleWebKit/537.36 (KHTML, like Gecko) Chrome/142.0.0.0 Safari/537.36 Edg/142.0.0.0",,production,main,,static,/payment-success,prototype-ten-dun.vercel.app,prototype-hdwus6t8g-choymingollagmailcoms-projects.vercel.app,dpl_BxEEpNUR3JtCC6YXiLUMGiTtVLoW,32,gru1,,,,prj_FRjvNUrtyaiyRRYLyajvv7H5yA0p,,,,,
2025-12-05 13:49:14,1764942554656,prototype-ten-dun.vercel.app/api/checkout/process-success,POST,,500,9m7wd-1764942554377-4ec741962b4f,"Mozilla/5.0 (Windows NT 10.0; Win64; x64) AppleWebKit/537.36 (KHTML, like Gecko) Chrome/142.0.0.0 Safari/537.36 Edg/142.0.0.0",info,production,main,MISS,serverless,/api/checkout/process-success,prototype-ten-dun.vercel.app,prototype-ten-dun.vercel.app,dpl_BxEEpNUR3JtCC6YXiLUMGiTtVLoW,,,,,"[INFO] 2025-12-05T13:49:14.655Z - [SUCCESS-FALLBACK] Procesando pago v铆a success page {
  payment_id: '[REDACTED]',
  merchant_order_id: '[REDACTED]',
  external_reference: undefined,
  status: '[REDACTED]',
  collection_status: '[REDACTED]'
}",prj_FRjvNUrtyaiyRRYLyajvv7H5yA0p,,,,,
2025-12-05 13:49:14,1764942554656,prototype-ten-dun.vercel.app/api/checkout/process-success,POST,,500,9m7wd-1764942554377-4ec741962b4f,"Mozilla/5.0 (Windows NT 10.0; Win64; x64) AppleWebKit/537.36 (KHTML, like Gecko) Chrome/142.0.0.0 Safari/537.36 Edg/142.0.0.0",info,production,main,MISS,serverless,/api/checkout/process-success,prototype-ten-dun.vercel.app,prototype-ten-dun.vercel.app,dpl_BxEEpNUR3JtCC6YXiLUMGiTtVLoW,,,,,"[INFO] 2025-12-05T13:49:14.655Z - [PaymentProcessor] Iniciando procesamiento { paymentId: '[REDACTED]', requestId: '[REDACTED]' }",prj_FRjvNUrtyaiyRRYLyajvv7H5yA0p,,,,,
2025-12-05 13:49:14,1764942554663,prototype-ten-dun.vercel.app/api/checkout/process-success,POST,,500,9m7wd-1764942554377-4ec741962b4f,"Mozilla/5.0 (Windows NT 10.0; Win64; x64) AppleWebKit/537.36 (KHTML, like Gecko) Chrome/142.0.0.0 Safari/537.36 Edg/142.0.0.0",warning,production,main,MISS,serverless,/api/checkout/process-success,prototype-ten-dun.vercel.app,prototype-ten-dun.vercel.app,dpl_BxEEpNUR3JtCC6YXiLUMGiTtVLoW,,,,,"[WARN] 2025-12-05T13:49:14.662Z - Webhook marcado como dead letter { requestId: '[REDACTED]', paymentId: '[REDACTED]' }",prj_FRjvNUrtyaiyRRYLyajvv7H5yA0p,,,,,
2025-12-05 13:49:14,1764942554672,prototype-ten-dun.vercel.app/api/checkout/process-success,POST,,500,9m7wd-1764942554377-4ec741962b4f,"Mozilla/5.0 (Windows NT 10.0; Win64; x64) AppleWebKit/537.36 (KHTML, like Gecko) Chrome/142.0.0.0 Safari/537.36 Edg/142.0.0.0",warning,production,main,MISS,serverless,/api/checkout/process-success,prototype-ten-dun.vercel.app,prototype-ten-dun.vercel.app,dpl_BxEEpNUR3JtCC6YXiLUMGiTtVLoW,,,,,"[WARN] 2025-12-05T13:49:14.672Z - Webhook marcado como dead letter { requestId: '[REDACTED]', paymentId: '[REDACTED]' }",prj_FRjvNUrtyaiyRRYLyajvv7H5yA0p,,,,,
2025-12-05 13:49:14,1764942554724,prototype-ten-dun.vercel.app/api/checkout/process-success,POST,,500,9m7wd-1764942554377-4ec741962b4f,"Mozilla/5.0 (Windows NT 10.0; Win64; x64) AppleWebKit/537.36 (KHTML, like Gecko) Chrome/142.0.0.0 Safari/537.36 Edg/142.0.0.0",info,production,main,MISS,serverless,/api/checkout/process-success,prototype-ten-dun.vercel.app,prototype-ten-dun.vercel.app,dpl_BxEEpNUR3JtCC6YXiLUMGiTtVLoW,,,,,"[INFO] 2025-12-05T13:49:14.723Z - [PaymentProcessor] Datos obtenidos de MP {
  paymentId: '[REDACTED]',
  status: '[REDACTED]',
  statusDetail: '[REDACTED]',
  externalReference: '[REDACTED]',
  amount: '[REDACTED]'
}",prj_FRjvNUrtyaiyRRYLyajvv7H5yA0p,,,,,
2025-12-05 13:49:14,1764942554759,prototype-ten-dun.vercel.app/api/checkout/process-success,POST,,500,9m7wd-1764942554377-4ec741962b4f,"Mozilla/5.0 (Windows NT 10.0; Win64; x64) AppleWebKit/537.36 (KHTML, like Gecko) Chrome/142.0.0.0 Safari/537.36 Edg/142.0.0.0",error,production,main,MISS,serverless,/api/checkout/process-success,prototype-ten-dun.vercel.app,prototype-ten-dun.vercel.app,dpl_BxEEpNUR3JtCC6YXiLUMGiTtVLoW,,,,,"[ERROR] 2025-12-05T13:49:14.758Z - [PaymentProcessor] Error {
  paymentId: '[REDACTED]',
  requestId: '[REDACTED]',
  error: '[REDACTED]',
  stack: '[REDACTED]'
}",prj_FRjvNUrtyaiyRRYLyajvv7H5yA0p,,,,,
2025-12-05 13:49:14,1764942554759,prototype-ten-dun.vercel.app/api/checkout/process-success,POST,,500,9m7wd-1764942554377-4ec741962b4f,"Mozilla/5.0 (Windows NT 10.0; Win64; x64) AppleWebKit/537.36 (KHTML, like Gecko) Chrome/142.0.0.0 Safari/537.36 Edg/142.0.0.0",error,production,main,MISS,serverless,/api/checkout/process-success,prototype-ten-dun.vercel.app,prototype-ten-dun.vercel.app,dpl_BxEEpNUR3JtCC6YXiLUMGiTtVLoW,,,,,"[ERROR] 2025-12-05T13:49:14.758Z - [SUCCESS-FALLBACK] Error procesando pago { payment_id: '[REDACTED]', error: '[REDACTED]' }",prj_FRjvNUrtyaiyRRYLyajvv7H5yA0p,,,,,
2025-12-05 13:49:14,1764942554377,prototype-ten-dun.vercel.app/api/checkout/process-success,POST,,500,9m7wd-1764942554377-4ec741962b4f,"Mozilla/5.0 (Windows NT 10.0; Win64; x64) AppleWebKit/537.36 (KHTML, like Gecko) Chrome/142.0.0.0 Safari/537.36 Edg/142.0.0.0",,production,main,MISS,serverless,/api/checkout/process-success,prototype-ten-dun.vercel.app,prototype-ten-dun.vercel.app,dpl_BxEEpNUR3JtCC6YXiLUMGiTtVLoW,124,iad1,162,2048,,prj_FRjvNUrtyaiyRRYLyajvv7H5yA0p,,,01KBQCC9G6C86NKC0GARVXJV4P,RWfm0vPB78sZ,1
2025-12-05 13:49:14,1764942554787,prototype-ten-dun.vercel.app/api/checkout/process-success,POST,,500,9m7wd-1764942554367-7ccdbd2e22e2,"Mozilla/5.0 (Windows NT 10.0; Win64; x64) AppleWebKit/537.36 (KHTML, like Gecko) Chrome/142.0.0.0 Safari/537.36 Edg/142.0.0.0",info,production,main,MISS,serverless,/api/checkout/process-success,prototype-ten-dun.vercel.app,prototype-ten-dun.vercel.app,dpl_BxEEpNUR3JtCC6YXiLUMGiTtVLoW,,,,,"[INFO] 2025-12-05T13:49:14.786Z - [SUCCESS-FALLBACK] Procesando pago v铆a success page {
  payment_id: '[REDACTED]',
  merchant_order_id: '[REDACTED]',
  external_reference: undefined,
  status: '[REDACTED]',
  collection_status: '[REDACTED]'
}",prj_FRjvNUrtyaiyRRYLyajvv7H5yA0p,,,,,
2025-12-05 13:49:14,1764942554787,prototype-ten-dun.vercel.app/api/checkout/process-success,POST,,500,9m7wd-1764942554367-7ccdbd2e22e2,"Mozilla/5.0 (Windows NT 10.0; Win64; x64) AppleWebKit/537.36 (KHTML, like Gecko) Chrome/142.0.0.0 Safari/537.36 Edg/142.0.0.0",info,production,main,MISS,serverless,/api/checkout/process-success,prototype-ten-dun.vercel.app,prototype-ten-dun.vercel.app,dpl_BxEEpNUR3JtCC6YXiLUMGiTtVLoW,,,,,"[INFO] 2025-12-05T13:49:14.787Z - [PaymentProcessor] Iniciando procesamiento { paymentId: '[REDACTED]', requestId: '[REDACTED]' }",prj_FRjvNUrtyaiyRRYLyajvv7H5yA0p,,,,,
2025-12-05 13:49:14,1764942554839,prototype-ten-dun.vercel.app/api/checkout/process-success,POST,,500,9m7wd-1764942554367-7ccdbd2e22e2,"Mozilla/5.0 (Windows NT 10.0; Win64; x64) AppleWebKit/537.36 (KHTML, like Gecko) Chrome/142.0.0.0 Safari/537.36 Edg/142.0.0.0",info,production,main,MISS,serverless,/api/checkout/process-success,prototype-ten-dun.vercel.app,prototype-ten-dun.vercel.app,dpl_BxEEpNUR3JtCC6YXiLUMGiTtVLoW,,,,,"[INFO] 2025-12-05T13:49:14.838Z - [PaymentProcessor] Datos obtenidos de MP {
  paymentId: '[REDACTED]',
  status: '[REDACTED]',
  statusDetail: '[REDACTED]',
  externalReference: '[REDACTED]',
  amount: '[REDACTED]'
}",prj_FRjvNUrtyaiyRRYLyajvv7H5yA0p,,,,,
2025-12-05 13:49:14,1764942554851,prototype-ten-dun.vercel.app/api/checkout/process-success,POST,,500,9m7wd-1764942554367-7ccdbd2e22e2,"Mozilla/5.0 (Windows NT 10.0; Win64; x64) AppleWebKit/537.36 (KHTML, like Gecko) Chrome/142.0.0.0 Safari/537.36 Edg/142.0.0.0",error,production,main,MISS,serverless,/api/checkout/process-success,prototype-ten-dun.vercel.app,prototype-ten-dun.vercel.app,dpl_BxEEpNUR3JtCC6YXiLUMGiTtVLoW,,,,,"[ERROR] 2025-12-05T13:49:14.851Z - [PaymentProcessor] Error {
  paymentId: '[REDACTED]',
  requestId: '[REDACTED]',
  error: '[REDACTED]',
  stack: '[REDACTED]'
}",prj_FRjvNUrtyaiyRRYLyajvv7H5yA0p,,,,,
2025-12-05 13:49:14,1764942554852,prototype-ten-dun.vercel.app/api/checkout/process-success,POST,,500,9m7wd-1764942554367-7ccdbd2e22e2,"Mozilla/5.0 (Windows NT 10.0; Win64; x64) AppleWebKit/537.36 (KHTML, like Gecko) Chrome/142.0.0.0 Safari/537.36 Edg/142.0.0.0",error,production,main,MISS,serverless,/api/checkout/process-success,prototype-ten-dun.vercel.app,prototype-ten-dun.vercel.app,dpl_BxEEpNUR3JtCC6YXiLUMGiTtVLoW,,,,,"[ERROR] 2025-12-05T13:49:14.851Z - [SUCCESS-FALLBACK] Error procesando pago { payment_id: '[REDACTED]', error: '[REDACTED]' }",prj_FRjvNUrtyaiyRRYLyajvv7H5yA0p,,,,,
2025-12-05 13:49:14,1764942554367,prototype-ten-dun.vercel.app/api/checkout/process-success,POST,,500,9m7wd-1764942554367-7ccdbd2e22e2,"Mozilla/5.0 (Windows NT 10.0; Win64; x64) AppleWebKit/537.36 (KHTML, like Gecko) Chrome/142.0.0.0 Safari/537.36 Edg/142.0.0.0",,production,main,MISS,serverless,/api/checkout/process-success,prototype-ten-dun.vercel.app,prototype-ten-dun.vercel.app,dpl_BxEEpNUR3JtCC6YXiLUMGiTtVLoW,76,iad1,162,2048,,prj_FRjvNUrtyaiyRRYLyajvv7H5yA0p,,,01KBQCC9G6C86NKC0GAWTTA5JD,RWfm0vPB78sZ,1
2025-12-05 13:49:14,1764942554651,prototype-ten-dun.vercel.app/api/checkout/process-success,POST,,500,7dj5l-1764942554365-b261245327c3,"Mozilla/5.0 (Windows NT 10.0; Win64; x64) AppleWebKit/537.36 (KHTML, like Gecko) Chrome/142.0.0.0 Safari/537.36 Edg/142.0.0.0",warning,production,main,MISS,serverless,/api/checkout/process-success,prototype-ten-dun.vercel.app,prototype-ten-dun.vercel.app,dpl_BxEEpNUR3JtCC6YXiLUMGiTtVLoW,,,,,"[WARN] 2025-12-05T13:49:14.646Z - Webhook marcado como dead letter { requestId: '[REDACTED]', paymentId: '[REDACTED]' }",prj_FRjvNUrtyaiyRRYLyajvv7H5yA0p,,,,,
2025-12-05 13:49:14,1764942554660,prototype-ten-dun.vercel.app/api/checkout/process-success,POST,,500,7dj5l-1764942554365-b261245327c3,"Mozilla/5.0 (Windows NT 10.0; Win64; x64) AppleWebKit/537.36 (KHTML, like Gecko) Chrome/142.0.0.0 Safari/537.36 Edg/142.0.0.0",info,production,main,MISS,serverless,/api/checkout/process-success,prototype-ten-dun.vercel.app,prototype-ten-dun.vercel.app,dpl_BxEEpNUR3JtCC6YXiLUMGiTtVLoW,,,,,"[INFO] 2025-12-05T13:49:14.659Z - [SUCCESS-FALLBACK] Procesando pago v铆a success page {
  payment_id: '[REDACTED]',
  merchant_order_id: '[REDACTED]',
  external_reference: undefined,
  status: '[REDACTED]',
  collection_status: '[REDACTED]'
}",prj_FRjvNUrtyaiyRRYLyajvv7H5yA0p,,,,,
2025-12-05 13:49:14,1764942554660,prototype-ten-dun.vercel.app/api/checkout/process-success,POST,,500,7dj5l-1764942554365-b261245327c3,"Mozilla/5.0 (Windows NT 10.0; Win64; x64) AppleWebKit/537.36 (KHTML, like Gecko) Chrome/142.0.0.0 Safari/537.36 Edg/142.0.0.0",info,production,main,MISS,serverless,/api/checkout/process-success,prototype-ten-dun.vercel.app,prototype-ten-dun.vercel.app,dpl_BxEEpNUR3JtCC6YXiLUMGiTtVLoW,,,,,"[INFO] 2025-12-05T13:49:14.659Z - [PaymentProcessor] Iniciando procesamiento { paymentId: '[REDACTED]', requestId: '[REDACTED]' }",prj_FRjvNUrtyaiyRRYLyajvv7H5yA0p,,,,,
2025-12-05 13:49:14,1764942554683,prototype-ten-dun.vercel.app/api/checkout/process-success,POST,,500,7dj5l-1764942554365-b261245327c3,"Mozilla/5.0 (Windows NT 10.0; Win64; x64) AppleWebKit/537.36 (KHTML, like Gecko) Chrome/142.0.0.0 Safari/537.36 Edg/142.0.0.0",info,production,main,MISS,serverless,/api/checkout/process-success,prototype-ten-dun.vercel.app,prototype-ten-dun.vercel.app,dpl_BxEEpNUR3JtCC6YXiLUMGiTtVLoW,,,,,"[INFO] 2025-12-05T13:49:14.682Z - [PaymentProcessor] Iniciando procesamiento { paymentId: '[REDACTED]', requestId: '[REDACTED]' }",prj_FRjvNUrtyaiyRRYLyajvv7H5yA0p,,,,,
2025-12-05 13:49:14,1764942554729,prototype-ten-dun.vercel.app/api/checkout/process-success,POST,,500,7dj5l-1764942554365-b261245327c3,"Mozilla/5.0 (Windows NT 10.0; Win64; x64) AppleWebKit/537.36 (KHTML, like Gecko) Chrome/142.0.0.0 Safari/537.36 Edg/142.0.0.0",info,production,main,MISS,serverless,/api/checkout/process-success,prototype-ten-dun.vercel.app,prototype-ten-dun.vercel.app,dpl_BxEEpNUR3JtCC6YXiLUMGiTtVLoW,,,,,"[INFO] 2025-12-05T13:49:14.728Z - [PaymentProcessor] Datos obtenidos de MP {
  paymentId: '[REDACTED]',
  status: '[REDACTED]',
  statusDetail: '[REDACTED]',
  externalReference: '[REDACTED]',
  amount: '[REDACTED]'
}",prj_FRjvNUrtyaiyRRYLyajvv7H5yA0p,,,,,
2025-12-05 13:49:14,1764942554752,prototype-ten-dun.vercel.app/api/checkout/process-success,POST,,500,7dj5l-1764942554365-b261245327c3,"Mozilla/5.0 (Windows NT 10.0; Win64; x64) AppleWebKit/537.36 (KHTML, like Gecko) Chrome/142.0.0.0 Safari/537.36 Edg/142.0.0.0",info,production,main,MISS,serverless,/api/checkout/process-success,prototype-ten-dun.vercel.app,prototype-ten-dun.vercel.app,dpl_BxEEpNUR3JtCC6YXiLUMGiTtVLoW,,,,,"[INFO] 2025-12-05T13:49:14.751Z - [PaymentProcessor] Datos obtenidos de MP {
  paymentId: '[REDACTED]',
  status: '[REDACTED]',
  statusDetail: '[REDACTED]',
  externalReference: '[REDACTED]',
  amount: '[REDACTED]'
}",prj_FRjvNUrtyaiyRRYLyajvv7H5yA0p,,,,,
2025-12-05 13:49:14,1764942554763,prototype-ten-dun.vercel.app/api/checkout/process-success,POST,,500,7dj5l-1764942554365-b261245327c3,"Mozilla/5.0 (Windows NT 10.0; Win64; x64) AppleWebKit/537.36 (KHTML, like Gecko) Chrome/142.0.0.0 Safari/537.36 Edg/142.0.0.0",error,production,main,MISS,serverless,/api/checkout/process-success,prototype-ten-dun.vercel.app,prototype-ten-dun.vercel.app,dpl_BxEEpNUR3JtCC6YXiLUMGiTtVLoW,,,,,"[ERROR] 2025-12-05T13:49:14.762Z - [PaymentProcessor] Error {
  paymentId: '[REDACTED]',
  requestId: '[REDACTED]',
  error: '[REDACTED]',
  stack: '[REDACTED]'
}",prj_FRjvNUrtyaiyRRYLyajvv7H5yA0p,,,,,
2025-12-05 13:49:14,1764942554763,prototype-ten-dun.vercel.app/api/checkout/process-success,POST,,500,7dj5l-1764942554365-b261245327c3,"Mozilla/5.0 (Windows NT 10.0; Win64; x64) AppleWebKit/537.36 (KHTML, like Gecko) Chrome/142.0.0.0 Safari/537.36 Edg/142.0.0.0",error,production,main,MISS,serverless,/api/checkout/process-success,prototype-ten-dun.vercel.app,prototype-ten-dun.vercel.app,dpl_BxEEpNUR3JtCC6YXiLUMGiTtVLoW,,,,,"[ERROR] 2025-12-05T13:49:14.763Z - [SUCCESS-FALLBACK] Error procesando pago { payment_id: '[REDACTED]', error: '[REDACTED]' }",prj_FRjvNUrtyaiyRRYLyajvv7H5yA0p,,,,,
2025-12-05 13:49:14,1764942554365,prototype-ten-dun.vercel.app/api/checkout/process-success,POST,,500,7dj5l-1764942554365-b261245327c3,"Mozilla/5.0 (Windows NT 10.0; Win64; x64) AppleWebKit/537.36 (KHTML, like Gecko) Chrome/142.0.0.0 Safari/537.36 Edg/142.0.0.0",,production,main,MISS,serverless,/api/checkout/process-success,prototype-ten-dun.vercel.app,prototype-ten-dun.vercel.app,dpl_BxEEpNUR3JtCC6YXiLUMGiTtVLoW,127,iad1,140,2048,,prj_FRjvNUrtyaiyRRYLyajvv7H5yA0p,,,01KBQCC9G6C86NKC0GAWP3WJAY,4HaNg7wsLGla,1
2025-12-05 13:49:13,1764942553886,prototype-ten-dun.vercel.app/cart,GET,_rsc=1jnly,200,wwc6v-1764942553886-5893a56ee0f0,"Mozilla/5.0 (Windows NT 10.0; Win64; x64) AppleWebKit/537.36 (KHTML, like Gecko) Chrome/142.0.0.0 Safari/537.36 Edg/142.0.0.0",,production,main,MISS,serverless,/cart.rsc,prototype-ten-dun.vercel.app,prototype-hdwus6t8g-choymingollagmailcoms-projects.vercel.app,dpl_BxEEpNUR3JtCC6YXiLUMGiTtVLoW,603,iad1,128,2048,,prj_FRjvNUrtyaiyRRYLyajvv7H5yA0p,,,01KBQCC8VZMRMQAF8VBWVAR261,HB4ft11Tft4B,1
2025-12-05 13:49:13,1764942553886,prototype-ten-dun.vercel.app/cart,GET,_rsc=1jnly,200,wwc6v-1764942553886-5893a56ee0f0,"Mozilla/5.0 (Windows NT 10.0; Win64; x64) AppleWebKit/537.36 (KHTML, like Gecko) Chrome/142.0.0.0 Safari/537.36 Edg/142.0.0.0",,production,main,MISS,middleware,middleware,prototype-ten-dun.vercel.app,prototype-hdwus6t8g-choymingollagmailcoms-projects.vercel.app,dpl_BxEEpNUR3JtCC6YXiLUMGiTtVLoW,19,gru1,133,2048,,prj_FRjvNUrtyaiyRRYLyajvv7H5yA0p,,,01KBQCC8S11SEWASCYTX9QQH4Y,MDsdFxcu9GmH,1
2025-12-05 13:49:13,1764942553886,prototype-ten-dun.vercel.app/,GET,_rsc=1jnly,200,47mr5-1764942553886-d7a6e9c579c2,"Mozilla/5.0 (Windows NT 10.0; Win64; x64) AppleWebKit/537.36 (KHTML, like Gecko) Chrome/142.0.0.0 Safari/537.36 Edg/142.0.0.0",,production,main,MISS,serverless,/index.rsc,prototype-ten-dun.vercel.app,prototype-hdwus6t8g-choymingollagmailcoms-projects.vercel.app,dpl_BxEEpNUR3JtCC6YXiLUMGiTtVLoW,8,iad1,163,2048,,prj_FRjvNUrtyaiyRRYLyajvv7H5yA0p,,,01KBQCC8VVRC5F59XTR7BWJQ8B,wQTtG5ztAuzx,1
2025-12-05 13:49:13,1764942553886,prototype-ten-dun.vercel.app/,GET,_rsc=1jnly,200,47mr5-1764942553886-d7a6e9c579c2,"Mozilla/5.0 (Windows NT 10.0; Win64; x64) AppleWebKit/537.36 (KHTML, like Gecko) Chrome/142.0.0.0 Safari/537.36 Edg/142.0.0.0",,production,main,MISS,middleware,middleware,prototype-ten-dun.vercel.app,prototype-hdwus6t8g-choymingollagmailcoms-projects.vercel.app,dpl_BxEEpNUR3JtCC6YXiLUMGiTtVLoW,11,gru1,138,2048,,prj_FRjvNUrtyaiyRRYLyajvv7H5yA0p,,,01KBQCC8S4VR06MW4706PEWKWD,fSNrRW15jvsE,1
2025-12-05 13:49:13,1764942553081,prototype-ten-dun.vercel.app/payment-success,GET,collection_id=136580939720&collection_status=approved&payment_id=136580939720&status=approved&external_reference=277&payment_type=credit_card&merchant_order_id=36120374133&preference_id=2926966384-b5e0cbfe-e784-453c-b39a-9f357a77cc1e&site_id=MLA&processing_mode=aggregator&merchant_account_id=null,200,wwc6v-1764942553081-1f3263be61f4,"Mozilla/5.0 (Windows NT 10.0; Win64; x64) AppleWebKit/537.36 (KHTML, like Gecko) Chrome/142.0.0.0 Safari/537.36 Edg/142.0.0.0",,production,main,MISS,serverless,/payment-success,prototype-ten-dun.vercel.app,prototype-hdwus6t8g-choymingollagmailcoms-projects.vercel.app,dpl_BxEEpNUR3JtCC6YXiLUMGiTtVLoW,48,iad1,163,2048,,prj_FRjvNUrtyaiyRRYLyajvv7H5yA0p,,,01KBQCC8844RF9GFFSZD9NJE7J,wQTtG5ztAuzx,1
2025-12-05 13:49:13,1764942553081,prototype-ten-dun.vercel.app/payment-success,GET,collection_id=136580939720&collection_status=approved&payment_id=136580939720&status=approved&external_reference=277&payment_type=credit_card&merchant_order_id=36120374133&preference_id=2926966384-b5e0cbfe-e784-453c-b39a-9f357a77cc1e&site_id=MLA&processing_mode=aggregator&merchant_account_id=null,200,wwc6v-1764942553081-1f3263be61f4,"Mozilla/5.0 (Windows NT 10.0; Win64; x64) AppleWebKit/537.36 (KHTML, like Gecko) Chrome/142.0.0.0 Safari/537.36 Edg/142.0.0.0",,production,main,MISS,middleware,middleware,prototype-ten-dun.vercel.app,prototype-hdwus6t8g-choymingollagmailcoms-projects.vercel.app,dpl_BxEEpNUR3JtCC6YXiLUMGiTtVLoW,19,gru1,133,2048,,prj_FRjvNUrtyaiyRRYLyajvv7H5yA0p,,,01KBQCC809YAPJDGK9S5B84FGV,MDsdFxcu9GmH,1
2025-12-05 13:49:11,1764942551818,prototype-ten-dun.vercel.app/api/webhooks/mercadopago,POST,id=36120374133&topic=merchant_order,200,q2mtp-1764942551782-412db210addc,MercadoPago Feed v2.0 merchant_order,info,production,main,MISS,serverless,/api/webhooks/mercadopago,prototype-ten-dun.vercel.app,prototype-hdwus6t8g-choymingollagmailcoms-projects.vercel.app,dpl_BxEEpNUR3JtCC6YXiLUMGiTtVLoW,,,,,"[INFO] 2025-12-05T13:49:11.817Z - Webhook MercadoPago recibido { requestId: '[REDACTED]', url: '[REDACTED]', method: '[REDACTED]' }",prj_FRjvNUrtyaiyRRYLyajvv7H5yA0p,,,,,
2025-12-05 13:49:11,1764942551818,prototype-ten-dun.vercel.app/api/webhooks/mercadopago,POST,id=36120374133&topic=merchant_order,200,q2mtp-1764942551782-412db210addc,MercadoPago Feed v2.0 merchant_order,info,production,main,MISS,serverless,/api/webhooks/mercadopago,prototype-ten-dun.vercel.app,prototype-hdwus6t8g-choymingollagmailcoms-projects.vercel.app,dpl_BxEEpNUR3JtCC6YXiLUMGiTtVLoW,,,,,"[INFO] 2025-12-05T13:49:11.818Z - Stage: Pre-validaci贸n de firma {
  requestId: '[REDACTED]',
  xSignature: '[REDACTED]',
  xRequestId: '[REDACTED]',
  dataIdFromUrl: '[REDACTED]',
  bodyLength: '[REDACTED]',
  allHeaders: '[REDACTED]',
  clientIp: '[REDACTED]'
}",prj_FRjvNUrtyaiyRRYLyajvv7H5yA0p,,,,,
2025-12-05 13:49:11,1764942551819,prototype-ten-dun.vercel.app/api/webhooks/mercadopago,POST,id=36120374133&topic=merchant_order,200,q2mtp-1764942551782-412db210addc,MercadoPago Feed v2.0 merchant_order,info,production,main,MISS,serverless,/api/webhooks/mercadopago,prototype-ten-dun.vercel.app,prototype-hdwus6t8g-choymingollagmailcoms-projects.vercel.app,dpl_BxEEpNUR3JtCC6YXiLUMGiTtVLoW,,,,,"[INFO] 2025-12-05T13:49:11.819Z - [HMAC] Validaci贸n multi-formato {
  dataId: '[REDACTED]',
  xRequestId: '[REDACTED]',
  ts: '[REDACTED]',
  receivedSignature: '[REDACTED]',
  validTemplate: '[REDACTED]',
  templatesTested: '[REDACTED]',
  isValid: '[REDACTED]',
  signatureComparison: '[REDACTED]'
}",prj_FRjvNUrtyaiyRRYLyajvv7H5yA0p,,,,,
2025-12-05 13:49:11,1764942551819,prototype-ten-dun.vercel.app/api/webhooks/mercadopago,POST,id=36120374133&topic=merchant_order,200,q2mtp-1764942551782-412db210addc,MercadoPago Feed v2.0 merchant_order,info,production,main,MISS,serverless,/api/webhooks/mercadopago,prototype-ten-dun.vercel.app,prototype-hdwus6t8g-choymingollagmailcoms-projects.vercel.app,dpl_BxEEpNUR3JtCC6YXiLUMGiTtVLoW,,,,,"[INFO] 2025-12-05T13:49:11.819Z - [HMAC-HEX] An谩lisis de bytes {
  rawBodyHex: '[REDACTED]',
  rawBodyBase64: '[REDACTED]',
  rawBodyLength: '[REDACTED]',
  templateHex: '[REDACTED]',
  templateLength: '[REDACTED]'
}",prj_FRjvNUrtyaiyRRYLyajvv7H5yA0p,,,,,
2025-12-05 13:49:11,1764942551820,prototype-ten-dun.vercel.app/api/webhooks/mercadopago,POST,id=36120374133&topic=merchant_order,200,q2mtp-1764942551782-412db210addc,MercadoPago Feed v2.0 merchant_order,info,production,main,MISS,serverless,/api/webhooks/mercadopago,prototype-ten-dun.vercel.app,prototype-hdwus6t8g-choymingollagmailcoms-projects.vercel.app,dpl_BxEEpNUR3JtCC6YXiLUMGiTtVLoW,,,,,"[INFO] 2025-12-05T13:49:11.819Z - [HMAC-DEBUG] Datos completos {
  xSignature: '[REDACTED]',
  xRequestId: '[REDACTED]',
  dataIdFromUrl: '[REDACTED]',
  clientIp: '[REDACTED]',
  webhookSecretLength: '[REDACTED]',
  webhookSecretPreview: '[REDACTED]',
  rawBodyPreview: '[REDACTED]'
}",prj_FRjvNUrtyaiyRRYLyajvv7H5yA0p,,,,,
2025-12-05 13:49:11,1764942551820,prototype-ten-dun.vercel.app/api/webhooks/mercadopago,POST,id=36120374133&topic=merchant_order,200,q2mtp-1764942551782-412db210addc,MercadoPago Feed v2.0 merchant_order,error,production,main,MISS,serverless,/api/webhooks/mercadopago,prototype-ten-dun.vercel.app,prototype-hdwus6t8g-choymingollagmailcoms-projects.vercel.app,dpl_BxEEpNUR3JtCC6YXiLUMGiTtVLoW,,,,,"[ERROR] 2025-12-05T13:49:11.819Z - [HMAC] Validaci贸n fallida sin fallback disponible {
  clientIp: '[REDACTED]',
  hmacError: '[REDACTED]',
  ipWhitelisted: '[REDACTED]',
  availableIPs: '[REDACTED]',
  totalIPs: '[REDACTED]',
  actualClientIp: '[REDACTED]',
  ipMatchesKnown: '[REDACTED]'
}",prj_FRjvNUrtyaiyRRYLyajvv7H5yA0p,,,,,
2025-12-05 13:49:11,1764942551820,prototype-ten-dun.vercel.app/api/webhooks/mercadopago,POST,id=36120374133&topic=merchant_order,200,q2mtp-1764942551782-412db210addc,MercadoPago Feed v2.0 merchant_order,info,production,main,MISS,serverless,/api/webhooks/mercadopago,prototype-ten-dun.vercel.app,prototype-hdwus6t8g-choymingollagmailcoms-projects.vercel.app,dpl_BxEEpNUR3JtCC6YXiLUMGiTtVLoW,,,,, MERCADO_PAGO_IP_DETECTED: 18.206.34.84 - ADD TO WHITELIST,prj_FRjvNUrtyaiyRRYLyajvv7H5yA0p,,,,,
2025-12-05 13:49:11,1764942551820,prototype-ten-dun.vercel.app/api/webhooks/mercadopago,POST,id=36120374133&topic=merchant_order,200,q2mtp-1764942551782-412db210addc,MercadoPago Feed v2.0 merchant_order,error,production,main,MISS,serverless,/api/webhooks/mercadopago,prototype-ten-dun.vercel.app,prototype-hdwus6t8g-choymingollagmailcoms-projects.vercel.app,dpl_BxEEpNUR3JtCC6YXiLUMGiTtVLoW,,,,,"[ERROR] 2025-12-05T13:49:11.820Z - Firma HMAC inv谩lida (procesamiento async) {
  requestId: '[REDACTED]',
  xSignature: '[REDACTED]',
  error: '[REDACTED]'
}",prj_FRjvNUrtyaiyRRYLyajvv7H5yA0p,,,,,
2025-12-05 13:49:11,1764942551820,prototype-ten-dun.vercel.app/api/webhooks/mercadopago,POST,id=36120374133&topic=merchant_order,200,q2mtp-1764942551782-412db210addc,MercadoPago Feed v2.0 merchant_order,error,production,main,MISS,serverless,/api/webhooks/mercadopago,prototype-ten-dun.vercel.app,prototype-hdwus6t8g-choymingollagmailcoms-projects.vercel.app,dpl_BxEEpNUR3JtCC6YXiLUMGiTtVLoW,,,,,"[ERROR] 2025-12-05T13:49:11.820Z - Enviando webhook a dead letter {
  requestId: '[REDACTED]',
  paymentId: '[REDACTED]',
  errorMessage: '[REDACTED]'
}",prj_FRjvNUrtyaiyRRYLyajvv7H5yA0p,,,,,
2025-12-05 13:49:11,1764942551782,prototype-ten-dun.vercel.app/api/webhooks/mercadopago,POST,id=36120374133&topic=merchant_order,200,q2mtp-1764942551782-412db210addc,MercadoPago Feed v2.0 merchant_order,,production,main,MISS,serverless,/api/webhooks/mercadopago,prototype-ten-dun.vercel.app,prototype-hdwus6t8g-choymingollagmailcoms-projects.vercel.app,dpl_BxEEpNUR3JtCC6YXiLUMGiTtVLoW,16,iad1,162,2048,,prj_FRjvNUrtyaiyRRYLyajvv7H5yA0p,,,01KBQCC6QKZEBB28715TJ75WZ6,RWfm0vPB78sZ,1
2025-12-05 13:49:11,1764942551774,prototype-ten-dun.vercel.app/api/webhooks/mercadopago,POST,id=136580939720&topic=payment,200,gtxgj-1764942551684-548064e692d0,MercadoPago Feed v2.0 payment,info,production,main,MISS,serverless,/api/webhooks/mercadopago,prototype-ten-dun.vercel.app,prototype-hdwus6t8g-choymingollagmailcoms-projects.vercel.app,dpl_BxEEpNUR3JtCC6YXiLUMGiTtVLoW,,,,,"[INFO] 2025-12-05T13:49:11.774Z - Webhook MercadoPago recibido { requestId: '[REDACTED]', url: '[REDACTED]', method: '[REDACTED]' }",prj_FRjvNUrtyaiyRRYLyajvv7H5yA0p,,,,,
2025-12-05 13:49:11,1764942551776,prototype-ten-dun.vercel.app/api/webhooks/mercadopago,POST,id=136580939720&topic=payment,200,gtxgj-1764942551684-548064e692d0,MercadoPago Feed v2.0 payment,info,production,main,MISS,serverless,/api/webhooks/mercadopago,prototype-ten-dun.vercel.app,prototype-hdwus6t8g-choymingollagmailcoms-projects.vercel.app,dpl_BxEEpNUR3JtCC6YXiLUMGiTtVLoW,,,,,"[INFO] 2025-12-05T13:49:11.775Z - Stage: Pre-validaci贸n de firma {
  requestId: '[REDACTED]',
  xSignature: '[REDACTED]',
  xRequestId: '[REDACTED]',
  dataIdFromUrl: '[REDACTED]',
  bodyLength: '[REDACTED]',
  allHeaders: '[REDACTED]',
  clientIp: '[REDACTED]'
}",prj_FRjvNUrtyaiyRRYLyajvv7H5yA0p,,,,,
2025-12-05 13:49:11,1764942551777,prototype-ten-dun.vercel.app/api/webhooks/mercadopago,POST,id=136580939720&topic=payment,200,gtxgj-1764942551684-548064e692d0,MercadoPago Feed v2.0 payment,info,production,main,MISS,serverless,/api/webhooks/mercadopago,prototype-ten-dun.vercel.app,prototype-hdwus6t8g-choymingollagmailcoms-projects.vercel.app,dpl_BxEEpNUR3JtCC6YXiLUMGiTtVLoW,,,,,"[INFO] 2025-12-05T13:49:11.777Z - [HMAC] Validaci贸n multi-formato {
  dataId: '[REDACTED]',
  xRequestId: '[REDACTED]',
  ts: '[REDACTED]',
  receivedSignature: '[REDACTED]',
  validTemplate: '[REDACTED]',
  templatesTested: '[REDACTED]',
  isValid: '[REDACTED]',
  signatureComparison: '[REDACTED]'
}",prj_FRjvNUrtyaiyRRYLyajvv7H5yA0p,,,,,
2025-12-05 13:49:11,1764942551778,prototype-ten-dun.vercel.app/api/webhooks/mercadopago,POST,id=136580939720&topic=payment,200,gtxgj-1764942551684-548064e692d0,MercadoPago Feed v2.0 payment,info,production,main,MISS,serverless,/api/webhooks/mercadopago,prototype-ten-dun.vercel.app,prototype-hdwus6t8g-choymingollagmailcoms-projects.vercel.app,dpl_BxEEpNUR3JtCC6YXiLUMGiTtVLoW,,,,,"[INFO] 2025-12-05T13:49:11.777Z - [HMAC-HEX] An谩lisis de bytes {
  rawBodyHex: '[REDACTED]',
  rawBodyBase64: '[REDACTED]',
  rawBodyLength: '[REDACTED]',
  templateHex: '[REDACTED]',
  templateLength: '[REDACTED]'
}",prj_FRjvNUrtyaiyRRYLyajvv7H5yA0p,,,,,
2025-12-05 13:49:11,1764942551778,prototype-ten-dun.vercel.app/api/webhooks/mercadopago,POST,id=136580939720&topic=payment,200,gtxgj-1764942551684-548064e692d0,MercadoPago Feed v2.0 payment,info,production,main,MISS,serverless,/api/webhooks/mercadopago,prototype-ten-dun.vercel.app,prototype-hdwus6t8g-choymingollagmailcoms-projects.vercel.app,dpl_BxEEpNUR3JtCC6YXiLUMGiTtVLoW,,,,,"[INFO] 2025-12-05T13:49:11.778Z - [HMAC-DEBUG] Datos completos {
  xSignature: '[REDACTED]',
  xRequestId: '[REDACTED]',
  dataIdFromUrl: '[REDACTED]',
  clientIp: '[REDACTED]',
  webhookSecretLength: '[REDACTED]',
  webhookSecretPreview: '[REDACTED]',
  rawBodyPreview: '[REDACTED]'
}",prj_FRjvNUrtyaiyRRYLyajvv7H5yA0p,,,,,
2025-12-05 13:49:11,1764942551779,prototype-ten-dun.vercel.app/api/webhooks/mercadopago,POST,id=136580939720&topic=payment,200,gtxgj-1764942551684-548064e692d0,MercadoPago Feed v2.0 payment,error,production,main,MISS,serverless,/api/webhooks/mercadopago,prototype-ten-dun.vercel.app,prototype-hdwus6t8g-choymingollagmailcoms-projects.vercel.app,dpl_BxEEpNUR3JtCC6YXiLUMGiTtVLoW,,,,,"[ERROR] 2025-12-05T13:49:11.778Z - [HMAC] Validaci贸n fallida sin fallback disponible {
  clientIp: '[REDACTED]',
  hmacError: '[REDACTED]',
  ipWhitelisted: '[REDACTED]',
  availableIPs: '[REDACTED]',
  totalIPs: '[REDACTED]',
  actualClientIp: '[REDACTED]',
  ipMatchesKnown: '[REDACTED]'
}",prj_FRjvNUrtyaiyRRYLyajvv7H5yA0p,,,,,
2025-12-05 13:49:11,1764942551779,prototype-ten-dun.vercel.app/api/webhooks/mercadopago,POST,id=136580939720&topic=payment,200,gtxgj-1764942551684-548064e692d0,MercadoPago Feed v2.0 payment,info,production,main,MISS,serverless,/api/webhooks/mercadopago,prototype-ten-dun.vercel.app,prototype-hdwus6t8g-choymingollagmailcoms-projects.vercel.app,dpl_BxEEpNUR3JtCC6YXiLUMGiTtVLoW,,,,, MERCADO_PAGO_IP_DETECTED: 18.206.34.84 - ADD TO WHITELIST,prj_FRjvNUrtyaiyRRYLyajvv7H5yA0p,,,,,
2025-12-05 13:49:11,1764942551779,prototype-ten-dun.vercel.app/api/webhooks/mercadopago,POST,id=136580939720&topic=payment,200,gtxgj-1764942551684-548064e692d0,MercadoPago Feed v2.0 payment,error,production,main,MISS,serverless,/api/webhooks/mercadopago,prototype-ten-dun.vercel.app,prototype-hdwus6t8g-choymingollagmailcoms-projects.vercel.app,dpl_BxEEpNUR3JtCC6YXiLUMGiTtVLoW,,,,,"[ERROR] 2025-12-05T13:49:11.778Z - Firma HMAC inv谩lida (procesamiento async) {
  requestId: '[REDACTED]',
  xSignature: '[REDACTED]',
  error: '[REDACTED]'
}",prj_FRjvNUrtyaiyRRYLyajvv7H5yA0p,,,,,
2025-12-05 13:49:11,1764942551780,prototype-ten-dun.vercel.app/api/webhooks/mercadopago,POST,id=136580939720&topic=payment,200,gtxgj-1764942551684-548064e692d0,MercadoPago Feed v2.0 payment,error,production,main,MISS,serverless,/api/webhooks/mercadopago,prototype-ten-dun.vercel.app,prototype-hdwus6t8g-choymingollagmailcoms-projects.vercel.app,dpl_BxEEpNUR3JtCC6YXiLUMGiTtVLoW,,,,,"[ERROR] 2025-12-05T13:49:11.779Z - Enviando webhook a dead letter {
  requestId: '[REDACTED]',
  paymentId: '[REDACTED]',
  errorMessage: '[REDACTED]'
}",prj_FRjvNUrtyaiyRRYLyajvv7H5yA0p,,,,,
2025-12-05 13:49:11,1764942551684,prototype-ten-dun.vercel.app/api/webhooks/mercadopago,POST,id=136580939720&topic=payment,200,gtxgj-1764942551684-548064e692d0,MercadoPago Feed v2.0 payment,,production,main,MISS,serverless,/api/webhooks/mercadopago,prototype-ten-dun.vercel.app,prototype-hdwus6t8g-choymingollagmailcoms-projects.vercel.app,dpl_BxEEpNUR3JtCC6YXiLUMGiTtVLoW,48,iad1,162,2048,,prj_FRjvNUrtyaiyRRYLyajvv7H5yA0p,,,01KBQCC6NE1QV4KN58JFABQNGQ,RWfm0vPB78sZ,1
2025-12-05 13:49:11,1764942551744,prototype-ten-dun.vercel.app/api/webhooks/mercadopago,POST,data.id=136580939720&type=payment,200,z2wv9-1764942551675-0acc16915283,MercadoPago WebHook v1.0 payment,info,production,main,MISS,serverless,/api/webhooks/mercadopago,prototype-ten-dun.vercel.app,prototype-hdwus6t8g-choymingollagmailcoms-projects.vercel.app,dpl_BxEEpNUR3JtCC6YXiLUMGiTtVLoW,,,,,"[INFO] 2025-12-05T13:49:11.735Z - Webhook MercadoPago recibido { requestId: '[REDACTED]', url: '[REDACTED]', method: '[REDACTED]' }",prj_FRjvNUrtyaiyRRYLyajvv7H5yA0p,,,,,
2025-12-05 13:49:11,1764942551745,prototype-ten-dun.vercel.app/api/webhooks/mercadopago,POST,data.id=136580939720&type=payment,200,z2wv9-1764942551675-0acc16915283,MercadoPago WebHook v1.0 payment,info,production,main,MISS,serverless,/api/webhooks/mercadopago,prototype-ten-dun.vercel.app,prototype-hdwus6t8g-choymingollagmailcoms-projects.vercel.app,dpl_BxEEpNUR3JtCC6YXiLUMGiTtVLoW,,,,,"[INFO] 2025-12-05T13:49:11.745Z - Stage: Pre-validaci贸n de firma {
  requestId: '[REDACTED]',
  xSignature: '[REDACTED]',
  xRequestId: '[REDACTED]',
  dataIdFromUrl: '[REDACTED]',
  bodyLength: '[REDACTED]',
  allHeaders: '[REDACTED]',
  clientIp: '[REDACTED]'
}",prj_FRjvNUrtyaiyRRYLyajvv7H5yA0p,,,,,
2025-12-05 13:49:11,1764942551746,prototype-ten-dun.vercel.app/api/webhooks/mercadopago,POST,data.id=136580939720&type=payment,200,z2wv9-1764942551675-0acc16915283,MercadoPago WebHook v1.0 payment,info,production,main,MISS,serverless,/api/webhooks/mercadopago,prototype-ten-dun.vercel.app,prototype-hdwus6t8g-choymingollagmailcoms-projects.vercel.app,dpl_BxEEpNUR3JtCC6YXiLUMGiTtVLoW,,,,,"[INFO] 2025-12-05T13:49:11.746Z - [HMAC] Validaci贸n multi-formato {
  dataId: '[REDACTED]',
  xRequestId: '[REDACTED]',
  ts: '[REDACTED]',
  receivedSignature: '[REDACTED]',
  validTemplate: '[REDACTED]',
  templatesTested: '[REDACTED]',
  isValid: '[REDACTED]',
  signatureComparison: '[REDACTED]'
}",prj_FRjvNUrtyaiyRRYLyajvv7H5yA0p,,,,,
2025-12-05 13:49:11,1764942551747,prototype-ten-dun.vercel.app/api/webhooks/mercadopago,POST,data.id=136580939720&type=payment,200,z2wv9-1764942551675-0acc16915283,MercadoPago WebHook v1.0 payment,info,production,main,MISS,serverless,/api/webhooks/mercadopago,prototype-ten-dun.vercel.app,prototype-hdwus6t8g-choymingollagmailcoms-projects.vercel.app,dpl_BxEEpNUR3JtCC6YXiLUMGiTtVLoW,,,,,"[INFO] 2025-12-05T13:49:11.746Z - [HMAC-HEX] An谩lisis de bytes {
  rawBodyHex: '[REDACTED]',
  rawBodyBase64: '[REDACTED]',
  rawBodyLength: '[REDACTED]',
  templateHex: '[REDACTED]',
  templateLength: '[REDACTED]'
}",prj_FRjvNUrtyaiyRRYLyajvv7H5yA0p,,,,,
2025-12-05 13:49:11,1764942551747,prototype-ten-dun.vercel.app/api/webhooks/mercadopago,POST,data.id=136580939720&type=payment,200,z2wv9-1764942551675-0acc16915283,MercadoPago WebHook v1.0 payment,info,production,main,MISS,serverless,/api/webhooks/mercadopago,prototype-ten-dun.vercel.app,prototype-hdwus6t8g-choymingollagmailcoms-projects.vercel.app,dpl_BxEEpNUR3JtCC6YXiLUMGiTtVLoW,,,,,"[INFO] 2025-12-05T13:49:11.746Z - [HMAC-DEBUG] Datos completos {
  xSignature: '[REDACTED]',
  xRequestId: '[REDACTED]',
  dataIdFromUrl: '[REDACTED]',
  clientIp: '[REDACTED]',
  webhookSecretLength: '[REDACTED]',
  webhookSecretPreview: '[REDACTED]',
  rawBodyPreview: '[REDACTED]'
}",prj_FRjvNUrtyaiyRRYLyajvv7H5yA0p,,,,,
2025-12-05 13:49:11,1764942551765,prototype-ten-dun.vercel.app/api/webhooks/mercadopago,POST,data.id=136580939720&type=payment,200,z2wv9-1764942551675-0acc16915283,MercadoPago WebHook v1.0 payment,warning,production,main,MISS,serverless,/api/webhooks/mercadopago,prototype-ten-dun.vercel.app,prototype-hdwus6t8g-choymingollagmailcoms-projects.vercel.app,dpl_BxEEpNUR3JtCC6YXiLUMGiTtVLoW,,,,,"[WARN] 2025-12-05T13:49:11.753Z - [HMAC] HMAC fall贸 pero IP es de Mercado Pago - ACEPTADO {
  clientIp: '[REDACTED]',
  hmacError: '[REDACTED]',
  reason: '[REDACTED]'
}",prj_FRjvNUrtyaiyRRYLyajvv7H5yA0p,,,,,
2025-12-05 13:49:11,1764942551765,prototype-ten-dun.vercel.app/api/webhooks/mercadopago,POST,data.id=136580939720&type=payment,200,z2wv9-1764942551675-0acc16915283,MercadoPago WebHook v1.0 payment,info,production,main,MISS,serverless,/api/webhooks/mercadopago,prototype-ten-dun.vercel.app,prototype-hdwus6t8g-choymingollagmailcoms-projects.vercel.app,dpl_BxEEpNUR3JtCC6YXiLUMGiTtVLoW,,,,,"[INFO] 2025-12-05T13:49:11.753Z - Firma HMAC validada OK (async) { requestId: '[REDACTED]', dataId: '[REDACTED]' }",prj_FRjvNUrtyaiyRRYLyajvv7H5yA0p,,,,,
2025-12-05 13:49:11,1764942551765,prototype-ten-dun.vercel.app/api/webhooks/mercadopago,POST,data.id=136580939720&type=payment,200,z2wv9-1764942551675-0acc16915283,MercadoPago WebHook v1.0 payment,info,production,main,MISS,serverless,/api/webhooks/mercadopago,prototype-ten-dun.vercel.app,prototype-hdwus6t8g-choymingollagmailcoms-projects.vercel.app,dpl_BxEEpNUR3JtCC6YXiLUMGiTtVLoW,,,,,"[INFO] 2025-12-05T13:49:11.754Z - Payload v谩lido (async) { requestId: '[REDACTED]', action: '[REDACTED]', dataId: '[REDACTED]' }",prj_FRjvNUrtyaiyRRYLyajvv7H5yA0p,,,,,
2025-12-05 13:49:11,1764942551675,prototype-ten-dun.vercel.app/api/webhooks/mercadopago,POST,data.id=136580939720&type=payment,200,z2wv9-1764942551675-0acc16915283,MercadoPago WebHook v1.0 payment,,production,main,MISS,serverless,/api/webhooks/mercadopago,prototype-ten-dun.vercel.app,prototype-hdwus6t8g-choymingollagmailcoms-projects.vercel.app,dpl_BxEEpNUR3JtCC6YXiLUMGiTtVLoW,54,iad1,140,2048,,prj_FRjvNUrtyaiyRRYLyajvv7H5yA0p,,,01KBQCC6MQ42YD22EFBV9VVWF8,4HaNg7wsLGla,1
2025-12-05 13:49:10,1764942550608,prototype-ten-dun.vercel.app/api/webhooks/mercadopago,POST,id=36120374133&topic=merchant_order,200,q2mtp-1764942550399-9b778c8ef23e,MercadoPago Feed v2.0 merchant_order,info,production,main,MISS,serverless,/api/webhooks/mercadopago,prototype-ten-dun.vercel.app,prototype-hdwus6t8g-choymingollagmailcoms-projects.vercel.app,dpl_BxEEpNUR3JtCC6YXiLUMGiTtVLoW,,,,,"[INFO] 2025-12-05T13:49:10.607Z - Webhook MercadoPago recibido { requestId: '[REDACTED]', url: '[REDACTED]', method: '[REDACTED]' }",prj_FRjvNUrtyaiyRRYLyajvv7H5yA0p,,,,,
2025-12-05 13:49:10,1764942550621,prototype-ten-dun.vercel.app/api/webhooks/mercadopago,POST,id=36120374133&topic=merchant_order,200,q2mtp-1764942550399-9b778c8ef23e,MercadoPago Feed v2.0 merchant_order,info,production,main,MISS,serverless,/api/webhooks/mercadopago,prototype-ten-dun.vercel.app,prototype-hdwus6t8g-choymingollagmailcoms-projects.vercel.app,dpl_BxEEpNUR3JtCC6YXiLUMGiTtVLoW,,,,,"[INFO] 2025-12-05T13:49:10.608Z - Stage: Pre-validaci贸n de firma {
  requestId: '[REDACTED]',
  xSignature: '[REDACTED]',
  xRequestId: '[REDACTED]',
  dataIdFromUrl: '[REDACTED]',
  bodyLength: '[REDACTED]',
  allHeaders: '[REDACTED]',
  clientIp: '[REDACTED]'
}",prj_FRjvNUrtyaiyRRYLyajvv7H5yA0p,,,,,
2025-12-05 13:49:10,1764942550621,prototype-ten-dun.vercel.app/api/webhooks/mercadopago,POST,id=36120374133&topic=merchant_order,200,q2mtp-1764942550399-9b778c8ef23e,MercadoPago Feed v2.0 merchant_order,info,production,main,MISS,serverless,/api/webhooks/mercadopago,prototype-ten-dun.vercel.app,prototype-hdwus6t8g-choymingollagmailcoms-projects.vercel.app,dpl_BxEEpNUR3JtCC6YXiLUMGiTtVLoW,,,,,"[INFO] 2025-12-05T13:49:10.610Z - [HMAC] Validaci贸n multi-formato {
  dataId: '[REDACTED]',
  xRequestId: '[REDACTED]',
  ts: '[REDACTED]',
  receivedSignature: '[REDACTED]',
  validTemplate: '[REDACTED]',
  templatesTested: '[REDACTED]',
  isValid: '[REDACTED]',
  signatureComparison: '[REDACTED]'
}",prj_FRjvNUrtyaiyRRYLyajvv7H5yA0p,,,,,
2025-12-05 13:49:10,1764942550621,prototype-ten-dun.vercel.app/api/webhooks/mercadopago,POST,id=36120374133&topic=merchant_order,200,q2mtp-1764942550399-9b778c8ef23e,MercadoPago Feed v2.0 merchant_order,info,production,main,MISS,serverless,/api/webhooks/mercadopago,prototype-ten-dun.vercel.app,prototype-hdwus6t8g-choymingollagmailcoms-projects.vercel.app,dpl_BxEEpNUR3JtCC6YXiLUMGiTtVLoW,,,,,"[INFO] 2025-12-05T13:49:10.611Z - [HMAC-HEX] An谩lisis de bytes {
  rawBodyHex: '[REDACTED]',
  rawBodyBase64: '[REDACTED]',
  rawBodyLength: '[REDACTED]',
  templateHex: '[REDACTED]',
  templateLength: '[REDACTED]'
}",prj_FRjvNUrtyaiyRRYLyajvv7H5yA0p,,,,,
2025-12-05 13:49:10,1764942550621,prototype-ten-dun.vercel.app/api/webhooks/mercadopago,POST,id=36120374133&topic=merchant_order,200,q2mtp-1764942550399-9b778c8ef23e,MercadoPago Feed v2.0 merchant_order,info,production,main,MISS,serverless,/api/webhooks/mercadopago,prototype-ten-dun.vercel.app,prototype-hdwus6t8g-choymingollagmailcoms-projects.vercel.app,dpl_BxEEpNUR3JtCC6YXiLUMGiTtVLoW,,,,,"[INFO] 2025-12-05T13:49:10.611Z - [HMAC-DEBUG] Datos completos {
  xSignature: '[REDACTED]',
  xRequestId: '[REDACTED]',
  dataIdFromUrl: '[REDACTED]',
  clientIp: '[REDACTED]',
  webhookSecretLength: '[REDACTED]',
  webhookSecretPreview: '[REDACTED]',
  rawBodyPreview: '[REDACTED]'
}",prj_FRjvNUrtyaiyRRYLyajvv7H5yA0p,,,,,
2025-12-05 13:49:10,1764942550621,prototype-ten-dun.vercel.app/api/webhooks/mercadopago,POST,id=36120374133&topic=merchant_order,200,q2mtp-1764942550399-9b778c8ef23e,MercadoPago Feed v2.0 merchant_order,error,production,main,MISS,serverless,/api/webhooks/mercadopago,prototype-ten-dun.vercel.app,prototype-hdwus6t8g-choymingollagmailcoms-projects.vercel.app,dpl_BxEEpNUR3JtCC6YXiLUMGiTtVLoW,,,,,"[ERROR] 2025-12-05T13:49:10.612Z - [HMAC] Validaci贸n fallida sin fallback disponible {
  clientIp: '[REDACTED]',
  hmacError: '[REDACTED]',
  ipWhitelisted: '[REDACTED]',
  availableIPs: '[REDACTED]',
  totalIPs: '[REDACTED]',
  actualClientIp: '[REDACTED]',
  ipMatchesKnown: '[REDACTED]'
}",prj_FRjvNUrtyaiyRRYLyajvv7H5yA0p,,,,,
2025-12-05 13:49:10,1764942550621,prototype-ten-dun.vercel.app/api/webhooks/mercadopago,POST,id=36120374133&topic=merchant_order,200,q2mtp-1764942550399-9b778c8ef23e,MercadoPago Feed v2.0 merchant_order,info,production,main,MISS,serverless,/api/webhooks/mercadopago,prototype-ten-dun.vercel.app,prototype-hdwus6t8g-choymingollagmailcoms-projects.vercel.app,dpl_BxEEpNUR3JtCC6YXiLUMGiTtVLoW,,,,, MERCADO_PAGO_IP_DETECTED: 18.206.34.84 - ADD TO WHITELIST,prj_FRjvNUrtyaiyRRYLyajvv7H5yA0p,,,,,
2025-12-05 13:49:10,1764942550621,prototype-ten-dun.vercel.app/api/webhooks/mercadopago,POST,id=36120374133&topic=merchant_order,200,q2mtp-1764942550399-9b778c8ef23e,MercadoPago Feed v2.0 merchant_order,error,production,main,MISS,serverless,/api/webhooks/mercadopago,prototype-ten-dun.vercel.app,prototype-hdwus6t8g-choymingollagmailcoms-projects.vercel.app,dpl_BxEEpNUR3JtCC6YXiLUMGiTtVLoW,,,,,"[ERROR] 2025-12-05T13:49:10.612Z - Firma HMAC inv谩lida (procesamiento async) {
  requestId: '[REDACTED]',
  xSignature: '[REDACTED]',
  error: '[REDACTED]'
}",prj_FRjvNUrtyaiyRRYLyajvv7H5yA0p,,,,,
2025-12-05 13:49:10,1764942550621,prototype-ten-dun.vercel.app/api/webhooks/mercadopago,POST,id=36120374133&topic=merchant_order,200,q2mtp-1764942550399-9b778c8ef23e,MercadoPago Feed v2.0 merchant_order,error,production,main,MISS,serverless,/api/webhooks/mercadopago,prototype-ten-dun.vercel.app,prototype-hdwus6t8g-choymingollagmailcoms-projects.vercel.app,dpl_BxEEpNUR3JtCC6YXiLUMGiTtVLoW,,,,,"[ERROR] 2025-12-05T13:49:10.612Z - Enviando webhook a dead letter {
  requestId: '[REDACTED]',
  paymentId: '[REDACTED]',
  errorMessage: '[REDACTED]'
}",prj_FRjvNUrtyaiyRRYLyajvv7H5yA0p,,,,,
2025-12-05 13:49:10,1764942550399,prototype-ten-dun.vercel.app/api/webhooks/mercadopago,POST,id=36120374133&topic=merchant_order,200,q2mtp-1764942550399-9b778c8ef23e,MercadoPago Feed v2.0 merchant_order,,production,main,MISS,serverless,/api/webhooks/mercadopago,prototype-ten-dun.vercel.app,prototype-hdwus6t8g-choymingollagmailcoms-projects.vercel.app,dpl_BxEEpNUR3JtCC6YXiLUMGiTtVLoW,103,iad1,140,2048,,prj_FRjvNUrtyaiyRRYLyajvv7H5yA0p,,,01KBQCC5FEJE1GX0GBCYR3ZMKY,4HaNg7wsLGla,1
2025-12-05 13:49:00,1764942540392,prototype-ten-dun.vercel.app/api/checkout,POST,,200,flgq7-1764942540031-09c8359634c3,"Mozilla/5.0 (Windows NT 10.0; Win64; x64) AppleWebKit/537.36 (KHTML, like Gecko) Chrome/142.0.0.0 Safari/537.36 Edg/142.0.0.0",info,production,main,MISS,serverless,/api/checkout,prototype-ten-dun.vercel.app,prototype-hdwus6t8g-choymingollagmailcoms-projects.vercel.app,dpl_BxEEpNUR3JtCC6YXiLUMGiTtVLoW,,,,,[INFO] 2025-12-05T13:49:00.376Z - Checkout: Verificando existencia de usuario { userId: '[REDACTED]' },prj_FRjvNUrtyaiyRRYLyajvv7H5yA0p,,,,,
2025-12-05 13:49:00,1764942540403,prototype-ten-dun.vercel.app/api/checkout,POST,,200,flgq7-1764942540031-09c8359634c3,"Mozilla/5.0 (Windows NT 10.0; Win64; x64) AppleWebKit/537.36 (KHTML, like Gecko) Chrome/142.0.0.0 Safari/537.36 Edg/142.0.0.0",info,production,main,MISS,serverless,/api/checkout,prototype-ten-dun.vercel.app,prototype-hdwus6t8g-choymingollagmailcoms-projects.vercel.app,dpl_BxEEpNUR3JtCC6YXiLUMGiTtVLoW,,,,,"[INFO] 2025-12-05T13:49:00.402Z - Checkout: Usuario verificado correctamente { userId: '[REDACTED]', userEmail: '[REDACTED]' }",prj_FRjvNUrtyaiyRRYLyajvv7H5yA0p,,,,,
2025-12-05 13:49:00,1764942540403,prototype-ten-dun.vercel.app/api/checkout,POST,,200,flgq7-1764942540031-09c8359634c3,"Mozilla/5.0 (Windows NT 10.0; Win64; x64) AppleWebKit/537.36 (KHTML, like Gecko) Chrome/142.0.0.0 Safari/537.36 Edg/142.0.0.0",info,production,main,MISS,serverless,/api/checkout,prototype-ten-dun.vercel.app,prototype-hdwus6t8g-choymingollagmailcoms-projects.vercel.app,dpl_BxEEpNUR3JtCC6YXiLUMGiTtVLoW,,,,,[INFO] 2025-12-05T13:49:00.403Z - Checkout: Verificando stock de items { itemCount: '[REDACTED]' },prj_FRjvNUrtyaiyRRYLyajvv7H5yA0p,,,,,
2025-12-05 13:49:00,1764942540422,prototype-ten-dun.vercel.app/api/checkout,POST,,200,flgq7-1764942540031-09c8359634c3,"Mozilla/5.0 (Windows NT 10.0; Win64; x64) AppleWebKit/537.36 (KHTML, like Gecko) Chrome/142.0.0.0 Safari/537.36 Edg/142.0.0.0",info,production,main,MISS,serverless,/api/checkout,prototype-ten-dun.vercel.app,prototype-hdwus6t8g-choymingollagmailcoms-projects.vercel.app,dpl_BxEEpNUR3JtCC6YXiLUMGiTtVLoW,,,,,[INFO] 2025-12-05T13:49:00.421Z - Checkout: Verificaci贸n de stock completada exitosamente,prj_FRjvNUrtyaiyRRYLyajvv7H5yA0p,,,,,
2025-12-05 13:49:00,1764942540431,prototype-ten-dun.vercel.app/api/checkout,POST,,200,flgq7-1764942540031-09c8359634c3,"Mozilla/5.0 (Windows NT 10.0; Win64; x64) AppleWebKit/537.36 (KHTML, like Gecko) Chrome/142.0.0.0 Safari/537.36 Edg/142.0.0.0",info,production,main,MISS,serverless,/api/checkout,prototype-ten-dun.vercel.app,prototype-hdwus6t8g-choymingollagmailcoms-projects.vercel.app,dpl_BxEEpNUR3JtCC6YXiLUMGiTtVLoW,,,,,"[INFO] 2025-12-05T13:49:00.431Z - [ME2] API: Iniciando c谩lculo con validaci贸n {
  zipcode: '[REDACTED]',
  itemCount: '[REDACTED]',
  allowFallback: true,
  items: [ { id: '[REDACTED]', quantity: '[REDACTED]', price: '[REDACTED]' } ]
}",prj_FRjvNUrtyaiyRRYLyajvv7H5yA0p,,,,,
2025-12-05 13:49:00,1764942540432,prototype-ten-dun.vercel.app/api/checkout,POST,,200,flgq7-1764942540031-09c8359634c3,"Mozilla/5.0 (Windows NT 10.0; Win64; x64) AppleWebKit/537.36 (KHTML, like Gecko) Chrome/142.0.0.0 Safari/537.36 Edg/142.0.0.0",info,production,main,MISS,serverless,/api/checkout,prototype-ten-dun.vercel.app,prototype-hdwus6t8g-choymingollagmailcoms-projects.vercel.app,dpl_BxEEpNUR3JtCC6YXiLUMGiTtVLoW,,,,,"[INFO] 2025-12-05T13:49:00.431Z - [ME2] Dimensiones calculadas {
  productCount: '[REDACTED]',
  dimensions: {
    height: '[REDACTED]',
    width: '[REDACTED]',
    length: '[REDACTED]',
    weight: '[REDACTED]'
  },
  usesDefaults: false
}",prj_FRjvNUrtyaiyRRYLyajvv7H5yA0p,,,,,
2025-12-05 13:49:00,1764942540440,prototype-ten-dun.vercel.app/api/checkout,POST,,200,flgq7-1764942540031-09c8359634c3,"Mozilla/5.0 (Windows NT 10.0; Win64; x64) AppleWebKit/537.36 (KHTML, like Gecko) Chrome/142.0.0.0 Safari/537.36 Edg/142.0.0.0",info,production,main,MISS,serverless,/api/checkout,prototype-ten-dun.vercel.app,prototype-hdwus6t8g-choymingollagmailcoms-projects.vercel.app,dpl_BxEEpNUR3JtCC6YXiLUMGiTtVLoW,,,,,"[INFO] 2025-12-05T13:49:00.432Z - [ME2] Validaci贸n: Resultado {
  canUseME2: true,
  reason: '[REDACTED]',
  missingAttributes: [],
  warningsCount: '[REDACTED]',
  hasDimensions: true
}",prj_FRjvNUrtyaiyRRYLyajvv7H5yA0p,,,,,
2025-12-05 13:49:00,1764942540440,prototype-ten-dun.vercel.app/api/checkout,POST,,200,flgq7-1764942540031-09c8359634c3,"Mozilla/5.0 (Windows NT 10.0; Win64; x64) AppleWebKit/537.36 (KHTML, like Gecko) Chrome/142.0.0.0 Safari/537.36 Edg/142.0.0.0",info,production,main,MISS,serverless,/api/checkout,prototype-ten-dun.vercel.app,prototype-hdwus6t8g-choymingollagmailcoms-projects.vercel.app,dpl_BxEEpNUR3JtCC6YXiLUMGiTtVLoW,,,,,[INFO] 2025-12-05T13:49:00.432Z - [ME2] Cache: Usando resultado cacheado { cacheKey: '[REDACTED]' },prj_FRjvNUrtyaiyRRYLyajvv7H5yA0p,,,,,
2025-12-05 13:49:00,1764942540440,prototype-ten-dun.vercel.app/api/checkout,POST,,200,flgq7-1764942540031-09c8359634c3,"Mozilla/5.0 (Windows NT 10.0; Win64; x64) AppleWebKit/537.36 (KHTML, like Gecko) Chrome/142.0.0.0 Safari/537.36 Edg/142.0.0.0",info,production,main,MISS,serverless,/api/checkout,prototype-ten-dun.vercel.app,prototype-hdwus6t8g-choymingollagmailcoms-projects.vercel.app,dpl_BxEEpNUR3JtCC6YXiLUMGiTtVLoW,,,,,"[INFO] 2025-12-05T13:49:00.432Z - Shipping cost calculated via ME2/core {
  zipcode: '[REDACTED]',
  cost: '[REDACTED]',
  method: '[REDACTED]',
  selectedMethodId: '[REDACTED]',
  matchedSelectedMethod: true,
  source: '[REDACTED]',
  fallback: false
}",prj_FRjvNUrtyaiyRRYLyajvv7H5yA0p,,,,,
2025-12-05 13:49:00,1764942540776,prototype-ten-dun.vercel.app/api/checkout,POST,,200,flgq7-1764942540031-09c8359634c3,"Mozilla/5.0 (Windows NT 10.0; Win64; x64) AppleWebKit/537.36 (KHTML, like Gecko) Chrome/142.0.0.0 Safari/537.36 Edg/142.0.0.0",info,production,main,MISS,serverless,/api/checkout,prototype-ten-dun.vercel.app,prototype-hdwus6t8g-choymingollagmailcoms-projects.vercel.app,dpl_BxEEpNUR3JtCC6YXiLUMGiTtVLoW,,,,,"Respuesta completa de Mercado Pago: {
  ""additional_info"": """",
  ""auto_return"": ""approved"",
  ""back_urls"": {
    ""failure"": ""https://prototype-ten-dun.vercel.app/payment-failure"",
    ""pending"": ""https://prototype-ten-dun.vercel.app/payment-pending"",
    ""success"": ""https://prototype-ten-dun.vercel.app/payment-success""
  },
  ""binary_mode"": false,
  ""client_id"": ""3512407382157264"",
  ""collector_id"": 2926966384,
  ""coupon_code"": null,
  ""coupon_labels"": null,
  ""date_created"": ""2025-12-05T09:49:00.715-04:00"",
  ""date_of_expiration"": null,
  ""expiration_date_from"": null,
  ""expiration_date_to"": null,
  ""expires"": false,
  ""external_reference"": ""277"",
  ""id"": ""2926966384-b5e0cbfe-e784-453c-b39a-9f357a77cc1e"",
  ""init_point"": ""https://www.mercadopago.com.ar/checkout/v1/redirect?pref_id=2926966384-b5e0cbfe-e784-453c-b39a-9f357a77cc1e"",
  ""internal_metadata"": null,
  ""items"": [
    {
      ""id"": ""35"",
      ""category_id"": ""others"",
      ""currency_id"": ""ARS"",
      ""description"": ""Producto: AURICULAR MODX-704 ZYFER  XAEA  NEGRO - Cantidad: 1"",
      ""title"": ""AURICULAR MODX-704 ZYFER  XAEA  NEGRO"",
      ""quantity"": 1,
      ""unit_price"": 79704
    },
    {
      ""id"": ""shipping-504345"",
      ""category_id"": ""others"",
      ""currency_id"": ""ARS"",
      ""description"": ""Costo de env铆o a catamarca, capital (CP: 4700)"",
      ""title"": ""Env铆o - Est谩ndar a sucursal de correo"",
      ""quantity"": 1,
      ""unit_price"": 10151.24
    }
  ],
  ""marketplace"": ""NONE"",
  ""marketplace_fee"": 0,
  ""metadata"": {
    ""checkout_version"": ""1.0"",
    ""created_at"": ""2025-12-05T13:49:00.461Z"",
    ""items"": ""[{\""id\"":35,\""name\"":\""AURICULAR MODX-704 ZYFER  XAEA  NEGRO\"",\""price\"":88560,\""quantity\"":1,\""image\"":\""https://20lpb59xfvej5gj9.public.blob.vercel-storage.com/products/1764206112148-wg8rng-auricularZ1-Unb9lDyXvhr3uNR60SlqaWwHc8XVLo.png\"",\""discount\"":10,\""variantId\"":null}]"",
    ""me2_fallback"": false,
    ""me2_source"": ""me2"",
    ""migration_applied"": true,
    ""order_id"": ""277"",
    ""shipping_address"": ""{\""nombre\"":\""francisco mingolla\"",\""direccion\"":\""dr carlos a herrera c 18\"",\""ciudad\"":\""catamarca\"",\""provincia\"":\""capital\"",\""codigoPostal\"":\""4700\"",\""telefono\"":\""3834046923\"",\""piso\"":\""\"",\""departamento\"":\""\"",\""numero\"":\""18\""}"",
    ""shipping_cost"": ""10151.24"",
    ""shipping_method_id"": ""504345"",
    ""subtotal"": ""79704"",
    ""total"": ""89855.24"",
    ""user_id"": ""9""
  },
  ""notification_url"": ""https://prototype-ten-dun.vercel.app/api/webhooks/mercadopago"",
  ""operation_type"": ""regular_payment"",
  ""payer"": {
    ""phone"": {
      ""area_code"": """",
      ""number"": ""3834046923""
    },
    ""address"": {
      ""zip_code"": ""4700"",
      ""street_name"": ""dr carlos a herrera c 18"",
      ""street_number"": ""18""
    },
    ""email"": ""test@gmail.com"",
    ""identification"": {
      ""number"": ""42843636"",
      ""type"": ""DNI""
    },
    ""name"": ""test"",
    ""surname"": """",
    ""date_created"": null,
    ""last_purchase"": null
  },
  ""payment_methods"": {
    ""default_card_id"": null,
    ""default_payment_method_id"": null,
    ""excluded_payment_methods"": [
      {
        ""id"": """"
      }
    ],
    ""excluded_payment_types"": [
      {
        ""id"": """"
      }
    ],
    ""installments"": 12,
    ""default_installments"": null
  },
  ""processing_modes"": null,
  ""product_id"": null,
  ""preference_expired"": false,
  ""redirect_urls"": {
    ""failure"": """",
    ""pending"": """",
    ""success"": """"
  },
  ""sandbox_init_point"": ""https://sandbox.mercadopago.com.ar/checkout/v1/redirect?pref_id=2926966384-b5e0cbfe-e784-453c-b39a-9f357a77cc1e"",
  ""site_id"": ""MLA"",
  ""shipments"": {
    ""default_shipping_method"": null,
    ""receiver_address"": {
      ""zip_code"": """",
      ""street_name"": """",
      ""street_number"": null,
      ""floor"": """",
      ""apartment"": """",
      ""city_name"": null,
      ""state_name"": null,
      ""country_name"": null,
      ""neighborhood"": null
    }
  },
  ""total_amount"": null,
  ""last_updated"": null,
  ""financing_group"": """",
  ""api_response"": {
    ""status"": 201,
    ""headers"": {
      ""date"": [
        ""Fri, 05 Dec 2025 13:49:00 GMT""
      ],
      ""content-type"": [
        ""application/json; charset=utf-8""
      ],
      ""content-length"": [
        ""1447""
      ],
      ""connection"": [
        ""keep-alive""
      ],
      ""content-encoding"": [
        ""gzip""
      ],
      ""vary"": [
        ""Accept-Encoding""
      ],
      ""x-content-type-options"": [
        ""nosniff""
      ],
      ""x-request-id"": [
        ""e6509423-f256-4ffd-954a-356ac825911c""
      ],
      ""x-xss-protection"": [
        ""1; mode=block""
      ],
      ""strict-transport-security"": [
        ""max-age=16070400; includeSubDomains; preload, max-age=31536000; includeSubDomains""
      ],
      ""access-control-allow-origin"": [
        ""*""
      ],
      ""access-control-allow-headers"": [
        ""Content-Type""
      ],
      ""access-control-allow-methods"": [
        ""PUT, GET, POST, DELETE, OPTIONS""
      ],
      ""access-control-max-age"": [
        ""86400""
      ],
      ""timing-allow-origin"": [
        ""*""
      ]
    }
  }
}",prj_FRjvNUrtyaiyRRYLyajvv7H5yA0p,,,,,
2025-12-05 13:49:00,1764942540776,prototype-ten-dun.vercel.app/api/checkout,POST,,200,flgq7-1764942540031-09c8359634c3,"Mozilla/5.0 (Windows NT 10.0; Win64; x64) AppleWebKit/537.36 (KHTML, like Gecko) Chrome/142.0.0.0 Safari/537.36 Edg/142.0.0.0",info,production,main,MISS,serverless,/api/checkout,prototype-ten-dun.vercel.app,prototype-hdwus6t8g-choymingollagmailcoms-projects.vercel.app,dpl_BxEEpNUR3JtCC6YXiLUMGiTtVLoW,,,,,Environment check - NODE_ENV: production,prj_FRjvNUrtyaiyRRYLyajvv7H5yA0p,,,,,
2025-12-05 13:49:00,1764942540777,prototype-ten-dun.vercel.app/api/checkout,POST,,200,flgq7-1764942540031-09c8359634c3,"Mozilla/5.0 (Windows NT 10.0; Win64; x64) AppleWebKit/537.36 (KHTML, like Gecko) Chrome/142.0.0.0 Safari/537.36 Edg/142.0.0.0",info,production,main,MISS,serverless,/api/checkout,prototype-ten-dun.vercel.app,prototype-hdwus6t8g-choymingollagmailcoms-projects.vercel.app,dpl_BxEEpNUR3JtCC6YXiLUMGiTtVLoW,,,,,Environment check - SUCCESS_URL: https://prototype-ten-dun.vercel.app/payment-success,prj_FRjvNUrtyaiyRRYLyajvv7H5yA0p,,,,,
2025-12-05 13:49:00,1764942540777,prototype-ten-dun.vercel.app/api/checkout,POST,,200,flgq7-1764942540031-09c8359634c3,"Mozilla/5.0 (Windows NT 10.0; Win64; x64) AppleWebKit/537.36 (KHTML, like Gecko) Chrome/142.0.0.0 Safari/537.36 Edg/142.0.0.0",info,production,main,MISS,serverless,/api/checkout,prototype-ten-dun.vercel.app,prototype-hdwus6t8g-choymingollagmailcoms-projects.vercel.app,dpl_BxEEpNUR3JtCC6YXiLUMGiTtVLoW,,,,,Environment check - VERCEL_URL: prototype-hdwus6t8g-choymingollagmailcoms-projects.vercel.app,prj_FRjvNUrtyaiyRRYLyajvv7H5yA0p,,,,,
2025-12-05 13:49:00,1764942540777,prototype-ten-dun.vercel.app/api/checkout,POST,,200,flgq7-1764942540031-09c8359634c3,"Mozilla/5.0 (Windows NT 10.0; Win64; x64) AppleWebKit/537.36 (KHTML, like Gecko) Chrome/142.0.0.0 Safari/537.36 Edg/142.0.0.0",info,production,main,MISS,serverless,/api/checkout,prototype-ten-dun.vercel.app,prototype-hdwus6t8g-choymingollagmailcoms-projects.vercel.app,dpl_BxEEpNUR3JtCC6YXiLUMGiTtVLoW,,,,,"[INFO] 2025-12-05T13:49:00.776Z - Checkout: Preferencia de MercadoPago creada exitosamente {
  preferenceId: '[REDACTED]',
  initPoint: '[REDACTED]',
  total: '[REDACTED]',
  itemsCount: '[REDACTED]',
  shippingCost: '[REDACTED]',
  orderId: '[REDACTED]'
}",prj_FRjvNUrtyaiyRRYLyajvv7H5yA0p,,,,,
2025-12-05 13:49:00,1764942540031,prototype-ten-dun.vercel.app/api/checkout,POST,,200,flgq7-1764942540031-09c8359634c3,"Mozilla/5.0 (Windows NT 10.0; Win64; x64) AppleWebKit/537.36 (KHTML, like Gecko) Chrome/142.0.0.0 Safari/537.36 Edg/142.0.0.0",,production,main,MISS,serverless,/api/checkout,prototype-ten-dun.vercel.app,prototype-hdwus6t8g-choymingollagmailcoms-projects.vercel.app,dpl_BxEEpNUR3JtCC6YXiLUMGiTtVLoW,492,iad1,140,2048,,prj_FRjvNUrtyaiyRRYLyajvv7H5yA0p,,,01KBQCBVG2523BA0RDYJZAEX42,4HaNg7wsLGla,1
2025-12-05 13:48:57,1764942537999,prototype-ten-dun.vercel.app/api/shipments/calculate,POST,,200,75ncz-1764942537707-74e57b09c81b,"Mozilla/5.0 (Windows NT 10.0; Win64; x64) AppleWebKit/537.36 (KHTML, like Gecko) Chrome/142.0.0.0 Safari/537.36 Edg/142.0.0.0",info,production,main,MISS,serverless,/api/shipments/calculate,prototype-ten-dun.vercel.app,prototype-hdwus6t8g-choymingollagmailcoms-projects.vercel.app,dpl_BxEEpNUR3JtCC6YXiLUMGiTtVLoW,,,,,[INFO] 2025-12-05T13:48:57.998Z - [ME2] Cache: Cleanup interval iniciado,prj_FRjvNUrtyaiyRRYLyajvv7H5yA0p,,,,,
2025-12-05 13:48:58,1764942538009,prototype-ten-dun.vercel.app/api/shipments/calculate,POST,,200,75ncz-1764942537707-74e57b09c81b,"Mozilla/5.0 (Windows NT 10.0; Win64; x64) AppleWebKit/537.36 (KHTML, like Gecko) Chrome/142.0.0.0 Safari/537.36 Edg/142.0.0.0",info,production,main,MISS,serverless,/api/shipments/calculate,prototype-ten-dun.vercel.app,prototype-hdwus6t8g-choymingollagmailcoms-projects.vercel.app,dpl_BxEEpNUR3JtCC6YXiLUMGiTtVLoW,,,,,"[INFO] 2025-12-05T13:48:58.008Z - [ME2] API: Iniciando c谩lculo de env铆o {
  method: '[REDACTED]',
  url: '[REDACTED]',
  requestId: '[REDACTED]',
  userAgent: '[REDACTED]'
}",prj_FRjvNUrtyaiyRRYLyajvv7H5yA0p,,,,,
2025-12-05 13:48:58,1764942538017,prototype-ten-dun.vercel.app/api/shipments/calculate,POST,,200,75ncz-1764942537707-74e57b09c81b,"Mozilla/5.0 (Windows NT 10.0; Win64; x64) AppleWebKit/537.36 (KHTML, like Gecko) Chrome/142.0.0.0 Safari/537.36 Edg/142.0.0.0",info,production,main,MISS,serverless,/api/shipments/calculate,prototype-ten-dun.vercel.app,prototype-hdwus6t8g-choymingollagmailcoms-projects.vercel.app,dpl_BxEEpNUR3JtCC6YXiLUMGiTtVLoW,,,,,"[INFO] 2025-12-05T13:48:58.016Z - [ME2] Request: Datos recibidos {
  requestId: '[REDACTED]',
  zipcode: '[REDACTED]',
  itemsCount: '[REDACTED]',
  logisticType: '[REDACTED]',
  allowFallback: true,
  userEmail: '[REDACTED]',
  items: [
    {
      id: '[REDACTED]',
      quantity: '[REDACTED]',
      price: '[REDACTED]',
      hasMlItemId: '[REDACTED]',
      hasWeight: false,
      hasDimensions: false
    }
  ]
}",prj_FRjvNUrtyaiyRRYLyajvv7H5yA0p,,,,,
2025-12-05 13:48:58,1764942538029,prototype-ten-dun.vercel.app/api/shipments/calculate,POST,,200,75ncz-1764942537707-74e57b09c81b,"Mozilla/5.0 (Windows NT 10.0; Win64; x64) AppleWebKit/537.36 (KHTML, like Gecko) Chrome/142.0.0.0 Safari/537.36 Edg/142.0.0.0",info,production,main,MISS,serverless,/api/shipments/calculate,prototype-ten-dun.vercel.app,prototype-hdwus6t8g-choymingollagmailcoms-projects.vercel.app,dpl_BxEEpNUR3JtCC6YXiLUMGiTtVLoW,,,,,"[INFO] 2025-12-05T13:48:58.025Z - [ME2] API: Iniciando c谩lculo con validaci贸n {
  zipcode: '[REDACTED]',
  itemCount: '[REDACTED]',
  allowFallback: true,
  items: [ { id: '[REDACTED]', quantity: '[REDACTED]', price: '[REDACTED]' } ]
}",prj_FRjvNUrtyaiyRRYLyajvv7H5yA0p,,,,,
2025-12-05 13:48:58,1764942538029,prototype-ten-dun.vercel.app/api/shipments/calculate,POST,,200,75ncz-1764942537707-74e57b09c81b,"Mozilla/5.0 (Windows NT 10.0; Win64; x64) AppleWebKit/537.36 (KHTML, like Gecko) Chrome/142.0.0.0 Safari/537.36 Edg/142.0.0.0",info,production,main,MISS,serverless,/api/shipments/calculate,prototype-ten-dun.vercel.app,prototype-hdwus6t8g-choymingollagmailcoms-projects.vercel.app,dpl_BxEEpNUR3JtCC6YXiLUMGiTtVLoW,,,,,"[INFO] 2025-12-05T13:48:58.026Z - [ME2] Dimensiones calculadas {
  productCount: '[REDACTED]',
  dimensions: {
    height: '[REDACTED]',
    width: '[REDACTED]',
    length: '[REDACTED]',
    weight: '[REDACTED]'
  },
  usesDefaults: false
}",prj_FRjvNUrtyaiyRRYLyajvv7H5yA0p,,,,,
2025-12-05 13:48:58,1764942538029,prototype-ten-dun.vercel.app/api/shipments/calculate,POST,,200,75ncz-1764942537707-74e57b09c81b,"Mozilla/5.0 (Windows NT 10.0; Win64; x64) AppleWebKit/537.36 (KHTML, like Gecko) Chrome/142.0.0.0 Safari/537.36 Edg/142.0.0.0",info,production,main,MISS,serverless,/api/shipments/calculate,prototype-ten-dun.vercel.app,prototype-hdwus6t8g-choymingollagmailcoms-projects.vercel.app,dpl_BxEEpNUR3JtCC6YXiLUMGiTtVLoW,,,,,"[INFO] 2025-12-05T13:48:58.026Z - [ME2] Validaci贸n: Resultado {
  canUseME2: true,
  reason: '[REDACTED]',
  missingAttributes: [],
  warningsCount: '[REDACTED]',
  hasDimensions: true
}",prj_FRjvNUrtyaiyRRYLyajvv7H5yA0p,,,,,
2025-12-05 13:48:58,1764942538051,prototype-ten-dun.vercel.app/api/shipments/calculate,POST,,200,75ncz-1764942537707-74e57b09c81b,"Mozilla/5.0 (Windows NT 10.0; Win64; x64) AppleWebKit/537.36 (KHTML, like Gecko) Chrome/142.0.0.0 Safari/537.36 Edg/142.0.0.0",info,production,main,MISS,serverless,/api/shipments/calculate,prototype-ten-dun.vercel.app,prototype-hdwus6t8g-choymingollagmailcoms-projects.vercel.app,dpl_BxEEpNUR3JtCC6YXiLUMGiTtVLoW,,,,,"[INFO] 2025-12-05T13:48:58.050Z - [ME2] API: Consultando Mercado Libre {
  url: '[REDACTED]',
  zipcode: '[REDACTED]',
  itemId: '[REDACTED]',
  dimensions: {
    height: '[REDACTED]',
    width: '[REDACTED]',
    length: '[REDACTED]',
    weight: '[REDACTED]'
  },
  quantity: '[REDACTED]'
}",prj_FRjvNUrtyaiyRRYLyajvv7H5yA0p,,,,,
2025-12-05 13:48:58,1764942538348,prototype-ten-dun.vercel.app/api/shipments/calculate,POST,,200,75ncz-1764942537707-74e57b09c81b,"Mozilla/5.0 (Windows NT 10.0; Win64; x64) AppleWebKit/537.36 (KHTML, like Gecko) Chrome/142.0.0.0 Safari/537.36 Edg/142.0.0.0",info,production,main,MISS,serverless,/api/shipments/calculate,prototype-ten-dun.vercel.app,prototype-hdwus6t8g-choymingollagmailcoms-projects.vercel.app,dpl_BxEEpNUR3JtCC6YXiLUMGiTtVLoW,,,,,[INFO] 2025-12-05T13:48:58.346Z - [ME2] Cache: Resultado guardado { cacheKey: '[REDACTED]' },prj_FRjvNUrtyaiyRRYLyajvv7H5yA0p,,,,,
2025-12-05 13:48:58,1764942538348,prototype-ten-dun.vercel.app/api/shipments/calculate,POST,,200,75ncz-1764942537707-74e57b09c81b,"Mozilla/5.0 (Windows NT 10.0; Win64; x64) AppleWebKit/537.36 (KHTML, like Gecko) Chrome/142.0.0.0 Safari/537.36 Edg/142.0.0.0",info,production,main,MISS,serverless,/api/shipments/calculate,prototype-ten-dun.vercel.app,prototype-hdwus6t8g-choymingollagmailcoms-projects.vercel.app,dpl_BxEEpNUR3JtCC6YXiLUMGiTtVLoW,,,,,"[INFO] 2025-12-05T13:48:58.348Z - [ME2] API: C谩lculo completado {
  zipcode: '[REDACTED]',
  success: true,
  source: '[REDACTED]',
  fallback: false,
  optionsCount: '[REDACTED]',
  totalCost: '[REDACTED]',
  warningsCount: '[REDACTED]'
}",prj_FRjvNUrtyaiyRRYLyajvv7H5yA0p,,,,,
2025-12-05 13:48:58,1764942538349,prototype-ten-dun.vercel.app/api/shipments/calculate,POST,,200,75ncz-1764942537707-74e57b09c81b,"Mozilla/5.0 (Windows NT 10.0; Win64; x64) AppleWebKit/537.36 (KHTML, like Gecko) Chrome/142.0.0.0 Safari/537.36 Edg/142.0.0.0",info,production,main,MISS,serverless,/api/shipments/calculate,prototype-ten-dun.vercel.app,prototype-hdwus6t8g-choymingollagmailcoms-projects.vercel.app,dpl_BxEEpNUR3JtCC6YXiLUMGiTtVLoW,,,,,"[INFO] 2025-12-05T13:48:58.348Z - [ME2] Response: C谩lculo ME2 completado {
  requestId: '[REDACTED]',
  zipcode: '[REDACTED]',
  success: true,
  optionsCount: '[REDACTED]',
  source: '[REDACTED]',
  fallback: false,
  hasFreeShipping: '[REDACTED]',
  totalCost: '[REDACTED]',
  warningsCount: '[REDACTED]'
}",prj_FRjvNUrtyaiyRRYLyajvv7H5yA0p,,,,,
2025-12-05 13:48:57,1764942537707,prototype-ten-dun.vercel.app/api/shipments/calculate,POST,,200,75ncz-1764942537707-74e57b09c81b,"Mozilla/5.0 (Windows NT 10.0; Win64; x64) AppleWebKit/537.36 (KHTML, like Gecko) Chrome/142.0.0.0 Safari/537.36 Edg/142.0.0.0",,production,main,MISS,serverless,/api/shipments/calculate,prototype-ten-dun.vercel.app,prototype-hdwus6t8g-choymingollagmailcoms-projects.vercel.app,dpl_BxEEpNUR3JtCC6YXiLUMGiTtVLoW,374,iad1,140,2048,,prj_FRjvNUrtyaiyRRYLyajvv7H5yA0p,,,01KBQCBS75VDPE51F2TGA7H7JV,4HaNg7wsLGla,1
